Protocollo;Gruppo;DataOraIncidente;Localizzazione1;STRADA1;Localizzazione2;STRADA2;Strada02;Chilometrica;DaSpecificare;NaturaIncidente;particolaritastrade;TipoStrada;FondoStradale;Pavimentazione;Segnaletica;CondizioneAtmosferica;Traffico;Visibilita;Illuminazione;NUM_FERITI;NUM_RISERVATA;NUM_MORTI;NUM_ILLESI;Longitudine;Latitudine;Confermato;Progressivo;TipoVeicolo;StatoVeicolo;TipoPersona;Sesso;Tipolesione;Deceduto;DecedutoDopo;CinturaCascoUtilizzato;Airbag
2642764;13;04/01/2016 18:20;Strada Urbana;PIAZZA ALBERTO ALESSIO;da specificare;;;;IN PROX DI VIA DELLE FIAMME GIALLE;Tamponamento Multiplo;Rettilineo;Due carreggiate;Bagnato (pioggia);Asfaltata;Assente;Nuvoloso;Normale;Buona;Sufficiente;0;0;0;6;12,294;41,73001;-1;3;Autovettura privata;In marcia / fermata / arresto;Passeggero;M;Illeso;0;;Non accertato;Inesploso
2642781;1;02/01/2016 09:00;Strada Urbana;LUNGOTEVERE DE' CENCI;in corrispondenza;;del civico n.;4B;;Veicolo in marcia contro ostacolo accidentale;Rettilineo;Una carreggiata a senso unico di marcia;Sdrucciolevole (fango);Asfaltata;Verticale ed orizzontale;Pioggia in atto;Scarso;Buona;Ore Diurne;0;0;0;1;12,47535;41,89196;-1;1;Motociclo a solo;In marcia / fermata / arresto;Conducente;M;Illeso;0;;Utilizzato;
2642784;17;04/01/2016 14:45;Strada Urbana;VIA DELLA GIULIANA;in prossimità;;del civico n.;41;;Scontro laterale fra veicoli in marcia;Rettilineo;Una carreggiata a doppio senso;Bagnato (pioggia);Asfaltata;Verticale ed orizzontale;Pioggia in atto;Normale;Sufficiente;Ore Diurne;0;0;0;2;12,45443;41,91239;-1;1;Autocarro inferiore 35 q.;In marcia / fermata / arresto;Conducente;M;Illeso;0;;;
2642784;17;04/01/2016 14:45;Strada Urbana;VIA DELLA GIULIANA;in prossimità;;del civico n.;41;;Scontro laterale fra veicoli in marcia;Rettilineo;Una carreggiata a doppio senso;Bagnato (pioggia);Asfaltata;Verticale ed orizzontale;Pioggia in atto;Normale;Sufficiente;Ore Diurne;0;0;0;2;12,45443;41,91239;-1;1;Autocarro inferiore 35 q.;In marcia / fermata / arresto;Passeggero;F;Illeso;0;;;
2642788;12;05/01/2016 09:15;Strada Urbana;VIA CRISTOFORO COLOMBO;da specificare;;;;direzione Roma dopo sottovia Pontina Palo Acea 755;Veicolo in marcia contro ostacolo fisso;Curva senza visuale libera;Due carreggiate;Bagnato (pioggia);Asfaltata;Verticale ed orizzontale;Pioggia in atto;Normale;Buona;Ore Diurne;0;0;0;1;12,45975;41,81128;-1;1;Autovettura privata;In marcia / fermata / arresto;Conducente;M;Illeso;0;;Non accertato;Inesploso
2642793;2;03/01/2016 15:45;Strada Urbana;VIA FLAMINIA;all'intersezione con;PIAZZA APOLLODORO;PIAZZA APOLLODORO;;;Veicolo in marcia contro ostacolo fisso;Incrocio;Più di due carreggiate;Asciutto;Asfaltata;Verticale ed orizzontale;Sereno;Scarso;Buona;Ore Diurne;0;0;0;1;12,46913;41,9286;-1;1;Autovettura privata;In marcia / fermata / arresto;Conducente;F;Illeso;0;;;
2642796;1;03/01/2016 04:30;Strada Urbana;PIAZZALE OSTIENSE;in prossimità;;del palo luce n.;8;;Tamponamento;Rettilineo;Una carreggiata a doppio senso;Asciutto;Asfaltata;Verticale ed orizzontale;Nuvoloso;Scarso;Sufficiente;Sufficiente;0;0;0;6;12,48137;41,87628;-1;1;Autovettura privata;In marcia / fermata / arresto;Conducente;M;Illeso;0;;Non accertato;Esploso
2642796;1;03/01/2016 04:30;Strada Urbana;PIAZZALE OSTIENSE;in prossimità;;del palo luce n.;8;;Tamponamento;Rettilineo;Una carreggiata a doppio senso;Asciutto;Asfaltata;Verticale ed orizzontale;Nuvoloso;Scarso;Sufficiente;Sufficiente;0;0;0;6;12,48137;41,87628;-1;1;Autovettura privata;In marcia / fermata / arresto;Passeggero;M;Illeso;0;;Non accertato;
2642796;1;03/01/2016 04:30;Strada Urbana;PIAZZALE OSTIENSE;in prossimità;;del palo luce n.;8;;Tamponamento;Rettilineo;Una carreggiata a doppio senso;Asciutto;Asfaltata;Verticale ed orizzontale;Nuvoloso;Scarso;Sufficiente;Sufficiente;0;0;0;6;12,48137;41,87628;-1;2;Autovettura privata;In marcia / fermata / arresto;Conducente;F;Illeso;0;;Non accertato;
2642796;1;03/01/2016 04:30;Strada Urbana;PIAZZALE OSTIENSE;in prossimità;;del palo luce n.;8;;Tamponamento;Rettilineo;Una carreggiata a doppio senso;Asciutto;Asfaltata;Verticale ed orizzontale;Nuvoloso;Scarso;Sufficiente;Sufficiente;0;0;0;6;12,48137;41,87628;-1;2;Autovettura privata;In marcia / fermata / arresto;Passeggero;F;Illeso;0;;Non accertato;
2642796;1;03/01/2016 04:30;Strada Urbana;PIAZZALE OSTIENSE;in prossimità;;del palo luce n.;8;;Tamponamento;Rettilineo;Una carreggiata a doppio senso;Asciutto;Asfaltata;Verticale ed orizzontale;Nuvoloso;Scarso;Sufficiente;Sufficiente;0;0;0;6;12,48137;41,87628;-1;2;Autovettura privata;In marcia / fermata / arresto;Passeggero;F;Illeso;0;;;
2642796;1;03/01/2016 04:30;Strada Urbana;PIAZZALE OSTIENSE;in prossimità;;del palo luce n.;8;;Tamponamento;Rettilineo;Una carreggiata a doppio senso;Asciutto;Asfaltata;Verticale ed orizzontale;Nuvoloso;Scarso;Sufficiente;Sufficiente;0;0;0;6;12,48137;41,87628;-1;2;Autovettura privata;In marcia / fermata / arresto;Passeggero;F;Illeso;0;;Non accertato;
2642813;2;04/01/2016 11:00;Strada Urbana;VIALE DEL MURO TORTO;da specificare;;;;pross. piazzale Brasile;Tamponamento;Rettilineo;Una carreggiata a senso unico di marcia;Bagnato (pioggia);Asfaltata;Verticale ed orizzontale;Pioggia in atto;Normale;Buona;Ore Diurne;1;0;0;1;12,48793;41,9096;-1;1;Autovettura privata;In marcia / fermata / arresto;Conducente;F;Illeso;0;;;
2642813;2;04/01/2016 11:00;Strada Urbana;VIALE DEL MURO TORTO;da specificare;;;;pross. piazzale Brasile;Tamponamento;Rettilineo;Una carreggiata a senso unico di marcia;Bagnato (pioggia);Asfaltata;Verticale ed orizzontale;Pioggia in atto;Normale;Buona;Ore Diurne;1;0;0;1;12,48793;41,9096;-1;2;Motociclo a solo;In marcia / fermata / arresto;Conducente;M;Rimandato;0;NON DECEDUTO;;
2642829;2;04/01/2016 13:40;Strada Urbana;CIRCONVALLAZIONE SALARIA;da specificare;;;;dir. S. Giovanni pross. viale Somalia;Veicolo in marcia contro ostacolo accidentale;Curva a visuale libera;Due carreggiate;Bagnato (pioggia);Asfaltata;Verticale ed orizzontale;Pioggia in atto;Normale;Buona;Ore Diurne;2;0;0;0;12,52037;41,93546;-1;1;Autovettura privata;In marcia / fermata / arresto;Conducente;F;Rimandato;0;NON DECEDUTO;;
2642829;2;04/01/2016 13:40;Strada Urbana;CIRCONVALLAZIONE SALARIA;da specificare;;;;dir. S. Giovanni pross. viale Somalia;Veicolo in marcia contro ostacolo accidentale;Curva a visuale libera;Due carreggiate;Bagnato (pioggia);Asfaltata;Verticale ed orizzontale;Pioggia in atto;Normale;Buona;Ore Diurne;2;0;0;0;12,52037;41,93546;-1;1;Autovettura privata;In marcia / fermata / arresto;Passeggero;M;Rimandato;0;NON DECEDUTO;;
2642833;2;04/01/2016 14:30;Strada Urbana;CIRCONVALLAZIONE SALARIA;da specificare;;;;dir. S Giovanni altezza VIALE SOMALIA;Veicolo in marcia contro ostacolo accidentale;Curva a visuale libera;Due carreggiate;Bagnato (pioggia);Asfaltata;Verticale ed orizzontale;Nuvoloso;Normale;Buona;Ore Diurne;0;0;0;1;12,52086;41,93447;-1;1;Autovettura privata;In marcia / fermata / arresto;Conducente;F;Illeso;0;;Non accertato;Inesploso
2642846;1;05/01/2016 06:30;Strada Urbana;CORSO VITTORIO EMANUELE II;all'intersezione con;PIAZZA DELLA CHIESA NUOVA;PIAZZA DELLA CHIESA NUOVA;;;Scontro laterale fra veicoli in marcia;Intersezione stradale segnalata;Una carreggiata a doppio senso;Bagnato (pioggia);Asfaltata;Verticale ed orizzontale;Pioggia in atto;Scarso;Buona;Sufficiente;0;0;0;2;12,47144;41,89721;-1;1;Autocarro inferiore 35 q.;In marcia / fermata / arresto;Conducente;M;Illeso;0;;Non accertato;
2642846;1;05/01/2016 06:30;Strada Urbana;CORSO VITTORIO EMANUELE II;all'intersezione con;PIAZZA DELLA CHIESA NUOVA;PIAZZA DELLA CHIESA NUOVA;;;Scontro laterale fra veicoli in marcia;Intersezione stradale segnalata;Una carreggiata a doppio senso;Bagnato (pioggia);Asfaltata;Verticale ed orizzontale;Pioggia in atto;Scarso;Buona;Sufficiente;0;0;0;2;12,47144;41,89721;-1;2;Autovettura privata;In marcia / fermata / arresto;Conducente;M;Illeso;0;;Non accertato;
2642852;2;04/01/2016 18:45;Strada Urbana;VIA DELLE VALLI;in corrispondenza;;del civico n.;9;;Veicolo in marcia contro ostacolo accidentale;Pendenza;Più di due carreggiate;Viscido da liquidi oleosi;Asfaltata;Verticale ed orizzontale;Sereno;Normale;Sufficiente;Sufficiente;0;0;0;2;12,52103;41,93342;-1;1;Motociclo a solo;In marcia / fermata / arresto;Conducente;M;Illeso;0;;;
2642852;2;04/01/2016 18:45;Strada Urbana;VIA DELLE VALLI;in corrispondenza;;del civico n.;9;;Veicolo in marcia contro ostacolo accidentale;Pendenza;Più di due carreggiate;Viscido da liquidi oleosi;Asfaltata;Verticale ed orizzontale;Sereno;Normale;Sufficiente;Sufficiente;0;0;0;2;12,52103;41,93342;-1;2;Autovettura privata;In marcia / fermata / arresto;Conducente;M;Illeso;0;;;
2642854;2;04/01/2016 20:45;Strada Urbana;VIA DELLE VALLI;all'intersezione con;PIAZZA GONDAR;PIAZZA GONDAR;;;Tamponamento;Intersezione semaforizzata;Due carreggiate;Bagnato (pioggia);Asfaltata;Verticale ed orizzontale;Nuvoloso;Intenso;Buona;Sufficiente;0;0;0;3;12,52124;41,93346;-1;1;Autovettura privata;In marcia / fermata / arresto;Conducente;F;Illeso;0;;;
2642854;2;04/01/2016 20:45;Strada Urbana;VIA DELLE VALLI;all'intersezione con;PIAZZA GONDAR;PIAZZA GONDAR;;;Tamponamento;Intersezione semaforizzata;Due carreggiate;Bagnato (pioggia);Asfaltata;Verticale ed orizzontale;Nuvoloso;Intenso;Buona;Sufficiente;0;0;0;3;12,52124;41,93346;-1;2;Autovettura privata;In marcia / fermata / arresto;Conducente;F;Illeso;0;;;
2642854;2;04/01/2016 20:45;Strada Urbana;VIA DELLE VALLI;all'intersezione con;PIAZZA GONDAR;PIAZZA GONDAR;;;Tamponamento;Intersezione semaforizzata;Due carreggiate;Bagnato (pioggia);Asfaltata;Verticale ed orizzontale;Nuvoloso;Intenso;Buona;Sufficiente;0;0;0;3;12,52124;41,93346;-1;2;Autovettura privata;In marcia / fermata / arresto;Passeggero;M;Illeso;0;;;
2642862;2;04/01/2016 21:00;Strada Urbana;VIA DI VILLA ADA;all'intersezione con;VIA LARIANA;VIA LARIANA;;;Scontro frontale/laterale DX fra veicoli in marcia;Intersezione stradale segnalata;Due carreggiate;Bagnato (pioggia);Asfaltata;Verticale ed orizzontale;Nuvoloso;Scarso;Buona;Sufficiente;1;0;0;2;12,50513;41,92445;-1;1;Autovettura privata;In marcia / fermata / arresto;Conducente;F;Rimandato;0;NON DECEDUTO;;
2642862;2;04/01/2016 21:00;Strada Urbana;VIA DI VILLA ADA;all'intersezione con;VIA LARIANA;VIA LARIANA;;;Scontro frontale/laterale DX fra veicoli in marcia;Intersezione stradale segnalata;Due carreggiate;Bagnato (pioggia);Asfaltata;Verticale ed orizzontale;Nuvoloso;Scarso;Buona;Sufficiente;1;0;0;2;12,50513;41,92445;-1;1;Autovettura privata;In marcia / fermata / arresto;Passeggero;F;Illeso;0;;;
2642862;2;04/01/2016 21:00;Strada Urbana;VIA DI VILLA ADA;all'intersezione con;VIA LARIANA;VIA LARIANA;;;Scontro frontale/laterale DX fra veicoli in marcia;Intersezione stradale segnalata;Due carreggiate;Bagnato (pioggia);Asfaltata;Verticale ed orizzontale;Nuvoloso;Scarso;Buona;Sufficiente;1;0;0;2;12,50513;41,92445;-1;2;Motociclo a solo;In marcia / fermata / arresto;Conducente;M;Illeso;0;;;
2642950;17;04/01/2016 14:45;Strada Urbana;VIALE DELLO STADIO OLIMPICO;da specificare;;;;altezza VIVAI MARI;Fuoriuscita dalla sede stradale;Curva a visuale libera;Una carreggiata a senso unico di marcia;Bagnato (umidità in atto);Asfaltata;Orizzontale;Nuvoloso;Scarso;Buona;Ore Diurne;0;0;0;1;12,45417;41,9299;-1;1;Autovettura privata;In marcia / fermata / arresto;Conducente;M;Illeso;0;;Non accertato;Inesploso
2642976;17;04/01/2016 14:30;Strada Urbana;VIALE DELLO STADIO OLIMPICO;in prossimità;;del civico n.;16;;Fuoriuscita dalla sede stradale;Curva a visuale libera;Una carreggiata a senso unico di marcia;Bagnato (umidità in atto);Asfaltata;Orizzontale;Nuvoloso;Normale;Buona;Ore Diurne;0;0;0;2;12,45417;41,9299;-1;1;Autovettura privata;In marcia / fermata / arresto;Conducente;F;Illeso;0;;Non accertato;Inesploso
2642976;17;04/01/2016 14:30;Strada Urbana;VIALE DELLO STADIO OLIMPICO;in prossimità;;del civico n.;16;;Fuoriuscita dalla sede stradale;Curva a visuale libera;Una carreggiata a senso unico di marcia;Bagnato (umidità in atto);Asfaltata;Orizzontale;Nuvoloso;Normale;Buona;Ore Diurne;0;0;0;2;12,45417;41,9299;-1;1;Autovettura privata;In marcia / fermata / arresto;Passeggero;M;Illeso;0;;Non accertato;Inesploso
2643017;17;04/01/2016 21:15;Strada Urbana;PIAZZALE MARESCIALLO GIARDINO;all'intersezione con;VIA NOVENIO BUCCHI;VIA NOVENIO BUCCHI;;;Veicolo in marcia contro ostacolo fisso;Incrocio;Due carreggiate;Bagnato (umidità in atto);Asfaltata;Verticale ed orizzontale;Nuvoloso;Scarso;Sufficiente;Sufficiente;0;0;0;1;12,45809;41,92293;-1;1;Autovettura privata;In marcia / fermata / arresto;Conducente;M;Illeso;0;;Non accertato;Inesploso
2643018;6;05/01/2016 12:20;Strada Urbana;VIA ALATRI;all'intersezione con;VIA SABAUDIA;VIA SABAUDIA;;;Scontro frontale/laterale DX fra veicoli in marcia;Incrocio;Una carreggiata a senso unico di marcia;Bagnato (pioggia);Asfaltata;Verticale ed orizzontale;Nuvoloso;Normale;Buona;Ore Diurne;0;0;0;2;12,55803;41,89318;-1;1;Autovettura privata;In marcia / fermata / arresto;Conducente;M;Illeso;0;;Non accertato;Inesploso
2643018;6;05/01/2016 12:20;Strada Urbana;VIA ALATRI;all'intersezione con;VIA SABAUDIA;VIA SABAUDIA;;;Scontro frontale/laterale DX fra veicoli in marcia;Incrocio;Una carreggiata a senso unico di marcia;Bagnato (pioggia);Asfaltata;Verticale ed orizzontale;Nuvoloso;Normale;Buona;Ore Diurne;0;0;0;2;12,55803;41,89318;-1;2;Autocarro inferiore 35 q.;In marcia / fermata / arresto;Conducente;M;Illeso;0;;Non accertato;Inesploso
2643104;15;05/01/2016 08:45;Strada Urbana;VIA DELLA MAGLIANA;da specificare;;;;fronte Via del Cappellaccio;Fuoriuscita dalla sede stradale;Curva senza visuale libera;Due carreggiate;Bagnato (pioggia);Asfaltata;Verticale ed orizzontale;Pioggia in atto;Intenso;Buona;Ore Diurne;0;0;0;2;12,45791;41,83924;-1;1;Autovettura privata;In marcia / fermata / arresto;Conducente;F;Illeso;0;;;
2643104;15;05/01/2016 08:45;Strada Urbana;VIA DELLA MAGLIANA;da specificare;;;;fronte Via del Cappellaccio;Fuoriuscita dalla sede stradale;Curva senza visuale libera;Due carreggiate;Bagnato (pioggia);Asfaltata;Verticale ed orizzontale;Pioggia in atto;Intenso;Buona;Ore Diurne;0;0;0;2;12,45791;41,83924;-1;1;Autovettura privata;In marcia / fermata / arresto;Passeggero;F;Illeso;0;;Non accertato;Inesploso
2643114;15;05/01/2016 11:15;Strada Urbana;VIA ANTONIO PACINOTTI;da specificare;;;;IN CORRISPONDENZA DI VIA DI PIETRA PAPA;Infortunio per caduta del veicolo;Rettilineo;Una carreggiata a doppio senso;Bagnato (pioggia);Asfaltata;Verticale ed orizzontale;Pioggia in atto;Intenso;Buona;Ore Diurne;1;0;0;0;12,4678;41,87103;-1;1;Motociclo a solo;In marcia / fermata / arresto;Conducente;M;Ricoverato;0;NON DECEDUTO;Non accertato;
2643125;13;05/01/2016 10:45;Strada Urbana;VIA OSTIENSE;in prossimità;;del civico n.;2193;;Veicolo in marcia contro ostacolo fisso;Rettilineo;Una carreggiata a doppio senso;Bagnato (pioggia);Asfaltata;Verticale;Pioggia in atto;Normale;Buona;Ore Diurne;0;0;0;5;12,32199;41,76875;-1;1;Autovettura privata;In marcia / fermata / arresto;Conducente;M;Illeso;0;;Non accertato;Inesploso
2643125;13;05/01/2016 10:45;Strada Urbana;VIA OSTIENSE;in prossimità;;del civico n.;2193;;Veicolo in marcia contro ostacolo fisso;Rettilineo;Una carreggiata a doppio senso;Bagnato (pioggia);Asfaltata;Verticale;Pioggia in atto;Normale;Buona;Ore Diurne;0;0;0;5;12,32199;41,76875;-1;1;Autovettura privata;In marcia / fermata / arresto;Passeggero;F;Illeso;0;;Non accertato;Inesploso
2643125;13;05/01/2016 10:45;Strada Urbana;VIA OSTIENSE;in prossimità;;del civico n.;2193;;Veicolo in marcia contro ostacolo fisso;Rettilineo;Una carreggiata a doppio senso;Bagnato (pioggia);Asfaltata;Verticale;Pioggia in atto;Normale;Buona;Ore Diurne;0;0;0;5;12,32199;41,76875;-1;1;Autovettura privata;In marcia / fermata / arresto;Passeggero;F;Illeso;0;;Non accertato;Inesploso
2643125;13;05/01/2016 10:45;Strada Urbana;VIA OSTIENSE;in prossimità;;del civico n.;2193;;Veicolo in marcia contro ostacolo fisso;Rettilineo;Una carreggiata a doppio senso;Bagnato (pioggia);Asfaltata;Verticale;Pioggia in atto;Normale;Buona;Ore Diurne;0;0;0;5;12,32199;41,76875;-1;2;Autovettura privata;In marcia / fermata / arresto;Conducente;M;Illeso;0;;Non accertato;Inesploso
2643125;13;05/01/2016 10:45;Strada Urbana;VIA OSTIENSE;in prossimità;;del civico n.;2193;;Veicolo in marcia contro ostacolo fisso;Rettilineo;Una carreggiata a doppio senso;Bagnato (pioggia);Asfaltata;Verticale;Pioggia in atto;Normale;Buona;Ore Diurne;0;0;0;5;12,32199;41,76875;-1;2;Autovettura privata;In marcia / fermata / arresto;Passeggero;F;Illeso;0;;Non accertato;Inesploso
2643180;11;05/01/2016 06:13;Strada Urbana;VIA CRISTOFORO COLOMBO;in prossimità;;del civico n.;134;;Fuoriuscita dalla sede stradale;Rettilineo;Più di due carreggiate;Bagnato (pioggia);Asfaltata;Verticale ed orizzontale;Pioggia in atto;Scarso;Buona;Sufficiente;9;0;0;0;12,49648;41,86487;-1;1;Autobus di linea;In marcia / fermata / arresto;Conducente;M;Rimandato;0;NON DECEDUTO;Non accertato;Inesistente
2643180;11;05/01/2016 06:13;Strada Urbana;VIA CRISTOFORO COLOMBO;in prossimità;;del civico n.;134;;Fuoriuscita dalla sede stradale;Rettilineo;Più di due carreggiate;Bagnato (pioggia);Asfaltata;Verticale ed orizzontale;Pioggia in atto;Scarso;Buona;Sufficiente;9;0;0;0;12,49648;41,86487;-1;1;Autobus di linea;In marcia / fermata / arresto;Passeggero;F;Rimandato;0;NON DECEDUTO;Non accertato;Inesistente
2643180;11;05/01/2016 06:13;Strada Urbana;VIA CRISTOFORO COLOMBO;in prossimità;;del civico n.;134;;Fuoriuscita dalla sede stradale;Rettilineo;Più di due carreggiate;Bagnato (pioggia);Asfaltata;Verticale ed orizzontale;Pioggia in atto;Scarso;Buona;Sufficiente;9;0;0;0;12,49648;41,86487;-1;1;Autobus di linea;In marcia / fermata / arresto;Passeggero;F;Rimandato;0;NON DECEDUTO;Non accertato;Inesistente
2643180;11;05/01/2016 06:13;Strada Urbana;VIA CRISTOFORO COLOMBO;in prossimità;;del civico n.;134;;Fuoriuscita dalla sede stradale;Rettilineo;Più di due carreggiate;Bagnato (pioggia);Asfaltata;Verticale ed orizzontale;Pioggia in atto;Scarso;Buona;Sufficiente;9;0;0;0;12,49648;41,86487;-1;1;Autobus di linea;In marcia / fermata / arresto;Passeggero;M;Rimandato;0;NON DECEDUTO;Non accertato;Inesistente
2643180;11;05/01/2016 06:13;Strada Urbana;VIA CRISTOFORO COLOMBO;in prossimità;;del civico n.;134;;Fuoriuscita dalla sede stradale;Rettilineo;Più di due carreggiate;Bagnato (pioggia);Asfaltata;Verticale ed orizzontale;Pioggia in atto;Scarso;Buona;Sufficiente;9;0;0;0;12,49648;41,86487;-1;1;Autobus di linea;In marcia / fermata / arresto;Passeggero;F;Rimandato;0;NON DECEDUTO;Non accertato;Inesistente
2643180;11;05/01/2016 06:13;Strada Urbana;VIA CRISTOFORO COLOMBO;in prossimità;;del civico n.;134;;Fuoriuscita dalla sede stradale;Rettilineo;Più di due carreggiate;Bagnato (pioggia);Asfaltata;Verticale ed orizzontale;Pioggia in atto;Scarso;Buona;Sufficiente;9;0;0;0;12,49648;41,86487;-1;1;Autobus di linea;In marcia / fermata / arresto;Passeggero;M;Ricoverato;0;NON DECEDUTO;Non accertato;Inesistente
2643180;11;05/01/2016 06:13;Strada Urbana;VIA CRISTOFORO COLOMBO;in prossimità;;del civico n.;134;;Fuoriuscita dalla sede stradale;Rettilineo;Più di due carreggiate;Bagnato (pioggia);Asfaltata;Verticale ed orizzontale;Pioggia in atto;Scarso;Buona;Sufficiente;9;0;0;0;12,49648;41,86487;-1;1;Autobus di linea;In marcia / fermata / arresto;Passeggero;M;Rimandato;0;NON DECEDUTO;Non accertato;Inesistente
2643180;11;05/01/2016 06:13;Strada Urbana;VIA CRISTOFORO COLOMBO;in prossimità;;del civico n.;134;;Fuoriuscita dalla sede stradale;Rettilineo;Più di due carreggiate;Bagnato (pioggia);Asfaltata;Verticale ed orizzontale;Pioggia in atto;Scarso;Buona;Sufficiente;9;0;0;0;12,49648;41,86487;-1;1;Autobus di linea;In marcia / fermata / arresto;Passeggero;F;Rimandato;0;NON DECEDUTO;Non accertato;Inesistente
2643180;11;05/01/2016 06:13;Strada Urbana;VIA CRISTOFORO COLOMBO;in prossimità;;del civico n.;134;;Fuoriuscita dalla sede stradale;Rettilineo;Più di due carreggiate;Bagnato (pioggia);Asfaltata;Verticale ed orizzontale;Pioggia in atto;Scarso;Buona;Sufficiente;9;0;0;0;12,49648;41,86487;-1;1;Autobus di linea;In marcia / fermata / arresto;Passeggero;M;Rimandato;0;NON DECEDUTO;Non accertato;Inesistente
2643201;16;04/01/2016 23:40;Strada Urbana;VIA DI VAL TELLINA;all'intersezione con;VIA FEDERICO DI DONATO;VIA FEDERICO DI DONATO;;;Scontro frontale/laterale SX fra veicoli in marcia;Incrocio;Due carreggiate;Bagnato (umidità in atto);Asfaltata;Verticale ed orizzontale;Nuvoloso;Scarso;Buona;Sufficiente;0;0;0;3;12,44779;41,86762;-1;1;Autovettura privata;In marcia / fermata / arresto;Conducente;M;Illeso;0;;;
2643201;16;04/01/2016 23:40;Strada Urbana;VIA DI VAL TELLINA;all'intersezione con;VIA FEDERICO DI DONATO;VIA FEDERICO DI DONATO;;;Scontro frontale/laterale SX fra veicoli in marcia;Incrocio;Due carreggiate;Bagnato (umidità in atto);Asfaltata;Verticale ed orizzontale;Nuvoloso;Scarso;Buona;Sufficiente;0;0;0;3;12,44779;41,86762;-1;1;Autovettura privata;In marcia / fermata / arresto;Passeggero;F;Illeso;0;;;
2643201;16;04/01/2016 23:40;Strada Urbana;VIA DI VAL TELLINA;all'intersezione con;VIA FEDERICO DI DONATO;VIA FEDERICO DI DONATO;;;Scontro frontale/laterale SX fra veicoli in marcia;Incrocio;Due carreggiate;Bagnato (umidità in atto);Asfaltata;Verticale ed orizzontale;Nuvoloso;Scarso;Buona;Sufficiente;0;0;0;3;12,44779;41,86762;-1;2;Autovettura privata;In marcia / fermata / arresto;Conducente;F;Illeso;0;;;
2643211;16;04/01/2016 20:45;Strada Urbana;VIA FELICE BELLOTTI;in corrispondenza;;del civico n.;19;;Veicolo in marcia contro ostacolo accidentale;Rettilineo;Una carreggiata a doppio senso;Viscido da liquidi oleosi;Asfaltata;Assente;Nuvoloso;Scarso;Sufficiente;Sufficiente;0;0;0;1;12,43941;41,857;-1;1;Autocarro inferiore 35 q.;In marcia / fermata / arresto;Conducente;M;Illeso;0;;Non accertato;Inesploso
2643250;1;05/01/2016 10:15;Strada Urbana;VIA EMANUELE FILIBERTO;all'intersezione semaforizzata con;VIA UMBERTO BIANCAMANO;VIA UMBERTO BIANCAMANO;;;Investimento di pedone;Intersezione semaforizzata;Una carreggiata a doppio senso;Bagnato (pioggia);Asfaltata;Verticale ed orizzontale;Pioggia in atto;Normale;Buona;Ore Diurne;1;0;0;1;12,50685;41,89009;-1;;;;Pedone;M;Rimandato;0;NON DECEDUTO;;
2643250;1;05/01/2016 10:15;Strada Urbana;VIA EMANUELE FILIBERTO;all'intersezione semaforizzata con;VIA UMBERTO BIANCAMANO;VIA UMBERTO BIANCAMANO;;;Investimento di pedone;Intersezione semaforizzata;Una carreggiata a doppio senso;Bagnato (pioggia);Asfaltata;Verticale ed orizzontale;Pioggia in atto;Normale;Buona;Ore Diurne;1;0;0;1;12,50685;41,89009;-1;1;Autovettura privata;In marcia / fermata / arresto;Conducente;M;Illeso;0;;Non accertato;
2643278;13;05/01/2016 15:15;Strada Urbana;VIALE DEI ROMAGNOLI;da specificare;;;;altezza 2° curva direzione Fiumicino;Veicolo in marcia contro ostacolo fisso;Curva senza visuale libera;Una carreggiata a senso unico di marcia;Bagnato (umidità in atto);Asfaltata;Verticale ed orizzontale;Nuvoloso;Normale;Buona;Ore Diurne;0;0;0;1;12,2853;41,74903;-1;1;Autovettura privata;In marcia / fermata / arresto;Conducente;M;Illeso;0;;Non accertato;Inesploso
2643323;7;05/01/2016 14:50;Provinciale entro l'abitato;VIA PRENESTINA;all'intersezione semaforizzata con;VIALE PALMIRO TOGLIATTI;VIALE PALMIRO TOGLIATTI;;;Scontro laterale fra veicoli in marcia;Intersezione semaforizzata;Due carreggiate;Asciutto;Asfaltata;Verticale ed orizzontale;Nuvoloso;Normale;Buona;Ore Diurne;0;0;0;4;12,57325;41,89378;-1;1;Autovettura privata;In marcia / fermata / arresto;Conducente;M;Illeso;0;;Non accertato;Inesploso
2643323;7;05/01/2016 14:50;Provinciale entro l'abitato;VIA PRENESTINA;all'intersezione semaforizzata con;VIALE PALMIRO TOGLIATTI;VIALE PALMIRO TOGLIATTI;;;Scontro laterale fra veicoli in marcia;Intersezione semaforizzata;Due carreggiate;Asciutto;Asfaltata;Verticale ed orizzontale;Nuvoloso;Normale;Buona;Ore Diurne;0;0;0;4;12,57325;41,89378;-1;1;Autovettura privata;In marcia / fermata / arresto;Passeggero;F;Illeso;0;;Non accertato;Inesploso
2643323;7;05/01/2016 14:50;Provinciale entro l'abitato;VIA PRENESTINA;all'intersezione semaforizzata con;VIALE PALMIRO TOGLIATTI;VIALE PALMIRO TOGLIATTI;;;Scontro laterale fra veicoli in marcia;Intersezione semaforizzata;Due carreggiate;Asciutto;Asfaltata;Verticale ed orizzontale;Nuvoloso;Normale;Buona;Ore Diurne;0;0;0;4;12,57325;41,89378;-1;2;Autovettura privata;In marcia / fermata / arresto;Conducente;M;Illeso;0;;Non accertato;Inesploso