Protocollo;Gruppo;DataOraIncidente;Localizzazione1;STRADA1;Localizzazione2;STRADA2;Strada02;Chilometrica;DaSpecificare;NaturaIncidente;particolaritastrade;TipoStrada;FondoStradale;Pavimentazione;Segnaletica;CondizioneAtmosferica;Traffico;Visibilita;Illuminazione;NUM_FERITI;NUM_RISERVATA;NUM_MORTI;NUM_ILLESI;Longitudine;Latitudine;Confermato;Progressivo;TipoVeicolo;StatoVeicolo;TipoPersona;Sesso;Tipolesione;Deceduto;DecedutoDopo;CinturaCascoUtilizzato;Airbag
2653439;5;13/01/2016 18:30;Strada Urbana;VIA TIBURTINA;da specificare;;;;corrispondenza Ponte FF.SS. dir. Centro;Scontro laterale fra veicoli in marcia;Rettilineo;Una carreggiata a doppio senso;Asciutto;Asfaltata;Orizzontale;Sereno;Normale;Buona;Ore Diurne;2;0;0;1;12,53393;41,90822;-1;1;Motociclo con passeggero;In marcia / fermata / arresto;Conducente;M;Rimandato;0;NON DECEDUTO;Non accertato;
2653439;5;13/01/2016 18:30;Strada Urbana;VIA TIBURTINA;da specificare;;;;corrispondenza Ponte FF.SS. dir. Centro;Scontro laterale fra veicoli in marcia;Rettilineo;Una carreggiata a doppio senso;Asciutto;Asfaltata;Orizzontale;Sereno;Normale;Buona;Ore Diurne;2;0;0;1;12,53393;41,90822;-1;1;Motociclo con passeggero;In marcia / fermata / arresto;Passeggero;M;Rimandato;0;NON DECEDUTO;Non accertato;
2653439;5;13/01/2016 18:30;Strada Urbana;VIA TIBURTINA;da specificare;;;;corrispondenza Ponte FF.SS. dir. Centro;Scontro laterale fra veicoli in marcia;Rettilineo;Una carreggiata a doppio senso;Asciutto;Asfaltata;Orizzontale;Sereno;Normale;Buona;Ore Diurne;2;0;0;1;12,53393;41,90822;-1;2;Autovettura privata;In marcia / fermata / arresto;Conducente;M;Illeso;0;;Non accertato;
2653440;4;13/01/2016 11:40;Strada Urbana;VIADOTTO SANDRO PERTINI;da specificare;;;;Dir. Bufalotta (sotto Cavalcavia  M.te Giberto);Veicolo in marcia contro ostacolo accidentale;Rettilineo;Due carreggiate;Asciutto;Asfaltata;Verticale ed orizzontale;Sereno;Normale;Buona;Ore Diurne;0;0;0;1;12,49637;41,90278;-1;1;Autovettura privata;In marcia / fermata / arresto;Conducente;M;Illeso;0;;Non accertato;Inesploso
2653441;13;14/01/2016 00:20;Strada Urbana;VIALE DEI ROMAGNOLI;in prossimità;;del civico n.;2161E;;Veicolo in marcia contro ostacolo fisso;Rettilineo;Una carreggiata a senso unico di marcia;Asciutto;Asfaltata;Verticale ed orizzontale;Nuvoloso;Scarso;Sufficiente;Sufficiente;0;0;0;2;12,36423;41,78566;-1;1;Autovettura privata;In marcia / fermata / arresto;Conducente;M;Illeso;0;;Non accertato;Inesploso
2653441;13;14/01/2016 00:20;Strada Urbana;VIALE DEI ROMAGNOLI;in prossimità;;del civico n.;2161E;;Veicolo in marcia contro ostacolo fisso;Rettilineo;Una carreggiata a senso unico di marcia;Asciutto;Asfaltata;Verticale ed orizzontale;Nuvoloso;Scarso;Sufficiente;Sufficiente;0;0;0;2;12,36423;41,78566;-1;1;Autovettura privata;In marcia / fermata / arresto;Passeggero;M;Illeso;0;;Non accertato;Inesploso
2653443;4;13/01/2016 09:20;Strada Urbana;VIA DELLE VALLI;in prossimità;;del civico n.;171;;Tamponamento;Rettilineo;Due carreggiate;Asciutto;Asfaltata;Orizzontale;Sereno;Normale;Buona;Ore Diurne;1;0;0;1;12,52594;41,93795;-1;1;Autovettura privata;In marcia / fermata / arresto;Conducente;F;Rimandato;0;NON DECEDUTO;Non accertato;Inesploso
2653443;4;13/01/2016 09:20;Strada Urbana;VIA DELLE VALLI;in prossimità;;del civico n.;171;;Tamponamento;Rettilineo;Due carreggiate;Asciutto;Asfaltata;Orizzontale;Sereno;Normale;Buona;Ore Diurne;1;0;0;1;12,52594;41,93795;-1;2;Autovettura privata;In marcia / fermata / arresto;Conducente;M;Illeso;0;;Non accertato;Inesploso
2653446;13;13/01/2016 15:00;Strada Urbana;VIALE DEI ROMAGNOLI;da specificare;;;;circa mt.50 dopo via Monti San Paolo;Veicolo in marcia contro ostacolo accidentale;Rettilineo;Una carreggiata a senso unico di marcia;Asciutto;Asfaltata;Verticale ed orizzontale;Sereno;Normale;Buona;Ore Diurne;0;0;0;2;12,32203;41,76901;-1;1;Autovettura privata;In marcia / fermata / arresto;Conducente;M;Illeso;0;;Non accertato;Inesploso
2653446;13;13/01/2016 15:00;Strada Urbana;VIALE DEI ROMAGNOLI;da specificare;;;;circa mt.50 dopo via Monti San Paolo;Veicolo in marcia contro ostacolo accidentale;Rettilineo;Una carreggiata a senso unico di marcia;Asciutto;Asfaltata;Verticale ed orizzontale;Sereno;Normale;Buona;Ore Diurne;0;0;0;2;12,32203;41,76901;-1;1;Autovettura privata;In marcia / fermata / arresto;Passeggero;F;Illeso;0;;Non accertato;Inesploso
2653450;11;13/01/2016 17:00;Strada Urbana;PIAZZALE 12 OTTOBRE 1492;da specificare;;;;fronte palo Acea 15;Veicolo in marcia contro ostacolo accidentale;Curva senza visuale libera;Una carreggiata a senso unico di marcia;Asciutto;Asfaltata;Verticale ed orizzontale;Sereno;Scarso;Sufficiente;Ore Diurne;0;0;0;1;12,48614;41,87055;-1;1;Autovettura privata;In marcia / fermata / arresto;Conducente;M;Illeso;0;;Non accertato;
2653452;8;13/01/2016 19:20;Statale entro l'abitato;VIA CASILINA;da specificare;;;;ALT.TOR BELLA MONACA DIR. FUORI RM;Veicolo in marcia contro ostacolo accidentale;Rettilineo;Due carreggiate;Asciutto;Asfaltata;Verticale ed orizzontale;Sereno;Normale;Buona;Sufficiente;0;0;0;2;12,61551;41,89025;-1;1;Autovettura privata;In marcia / fermata / arresto;Conducente;M;Illeso;0;;Non accertato;Inesploso
2653452;8;13/01/2016 19:20;Statale entro l'abitato;VIA CASILINA;da specificare;;;;ALT.TOR BELLA MONACA DIR. FUORI RM;Veicolo in marcia contro ostacolo accidentale;Rettilineo;Due carreggiate;Asciutto;Asfaltata;Verticale ed orizzontale;Sereno;Normale;Buona;Sufficiente;0;0;0;2;12,61551;41,89025;-1;1;Autovettura privata;In marcia / fermata / arresto;Passeggero;F;Illeso;0;;Non accertato;Inesploso
2653457;10;13/01/2016 15:00;Strada Urbana;PIAZZA DI CINECITTA';da specificare;;;;alt. cne Tuscolana;Tamponamento Multiplo;Rettilineo;Due carreggiate;Asciutto;Asfaltata;Verticale ed orizzontale;Sereno;Intenso;Buona;Ore Diurne;1;0;0;4;12,56803;41,8532;-1;1;Autovettura privata;In marcia / fermata / arresto;Conducente;M;Illeso;0;;Non accertato;Inesploso
2653457;10;13/01/2016 15:00;Strada Urbana;PIAZZA DI CINECITTA';da specificare;;;;alt. cne Tuscolana;Tamponamento Multiplo;Rettilineo;Due carreggiate;Asciutto;Asfaltata;Verticale ed orizzontale;Sereno;Intenso;Buona;Ore Diurne;1;0;0;4;12,56803;41,8532;-1;1;Autovettura privata;In marcia / fermata / arresto;Passeggero;M;Illeso;0;;Non accertato;Inesploso
2653457;10;13/01/2016 15:00;Strada Urbana;PIAZZA DI CINECITTA';da specificare;;;;alt. cne Tuscolana;Tamponamento Multiplo;Rettilineo;Due carreggiate;Asciutto;Asfaltata;Verticale ed orizzontale;Sereno;Intenso;Buona;Ore Diurne;1;0;0;4;12,56803;41,8532;-1;2;Autovettura privata;In marcia / fermata / arresto;Conducente;F;Rimandato;0;NON DECEDUTO;Non accertato;Inesploso
2653457;10;13/01/2016 15:00;Strada Urbana;PIAZZA DI CINECITTA';da specificare;;;;alt. cne Tuscolana;Tamponamento Multiplo;Rettilineo;Due carreggiate;Asciutto;Asfaltata;Verticale ed orizzontale;Sereno;Intenso;Buona;Ore Diurne;1;0;0;4;12,56803;41,8532;-1;3;Autovettura privata;In marcia / fermata / arresto;Conducente;M;Illeso;0;;Non accertato;Inesploso
2653457;10;13/01/2016 15:00;Strada Urbana;PIAZZA DI CINECITTA';da specificare;;;;alt. cne Tuscolana;Tamponamento Multiplo;Rettilineo;Due carreggiate;Asciutto;Asfaltata;Verticale ed orizzontale;Sereno;Intenso;Buona;Ore Diurne;1;0;0;4;12,56803;41,8532;-1;3;Autovettura privata;In marcia / fermata / arresto;Passeggero;F;Illeso;0;;Non accertato;Inesploso
2653458;15;13/01/2016 16:39;Strada Urbana;VIA CUTIGLIANO;all'intersezione con;VIA FAUGLIA;VIA FAUGLIA;;;Veicolo in marcia contro veicolo in sosta;Intersezione non regolata/non segnalata;Una carreggiata a doppio senso;Asciutto;Asfaltata;Assente;Sereno;Scarso;Buona;Ore Diurne;0;0;0;1;12,45994;41,84896;-1;1;Autovettura privata;In marcia / fermata / arresto;Conducente;M;Illeso;0;;Non accertato;Inesploso
2653461;11;13/01/2016 14:40;Strada Urbana;VIALE DI S. PAOLO;da specificare;;;;prossimità civ.16;Veicolo in marcia contro ostacolo accidentale;Rettilineo;Due carreggiate;Asciutto;Asfaltata;Verticale ed orizzontale;Sereno;Normale;Buona;Ore Diurne;1;0;0;0;12,4738;41,8582;-1;1;Motociclo a solo;In marcia / fermata / arresto;Conducente;M;Rimandato;0;NON DECEDUTO;Non accertato;
2653463;8;13/01/2016 21:45;Strada Urbana;VIALE DI TORRE MAURA;in prossimità;;del civico n.;70;;Veicolo in marcia contro ostacolo accidentale;Rettilineo;Due carreggiate;Asciutto;Strada pavimentata dissestata;Verticale ed orizzontale;Sereno;Normale;Buona;Sufficiente;0;0;0;1;12,59267;41,8608;-1;1;Autovettura privata;In marcia / fermata / arresto;Conducente;F;Illeso;0;;Non accertato;Inesploso
2653465;11;13/01/2016 12:10;Strada Urbana;VIALE GIUSTINIANO IMPERATORE;all'intersezione con;VIA GALBA;VIA GALBA;;;Scontro frontale/laterale SX fra veicoli in marcia;Intersezione non regolata/non segnalata;Due carreggiate;Asciutto;Asfaltata;Verticale ed orizzontale;Nuvoloso;Normale;Buona;Ore Diurne;0;0;0;2;12,48295;41,85609;-1;1;Autovettura privata;In marcia / fermata / arresto;Conducente;M;Illeso;0;;Non accertato;
2653465;11;13/01/2016 12:10;Strada Urbana;VIALE GIUSTINIANO IMPERATORE;all'intersezione con;VIA GALBA;VIA GALBA;;;Scontro frontale/laterale SX fra veicoli in marcia;Intersezione non regolata/non segnalata;Due carreggiate;Asciutto;Asfaltata;Verticale ed orizzontale;Nuvoloso;Normale;Buona;Ore Diurne;0;0;0;2;12,48295;41,85609;-1;2;Autovettura privata;In marcia / fermata / arresto;Conducente;M;Illeso;0;;Non accertato;
2653466;15;13/01/2016 14:00;Strada Urbana;VIA DELLA MAGLIANA;all'intersezione con;VIA MONDOLFO;VIA MONDOLFO;;;Scontro frontale/laterale DX fra veicoli in marcia;Intersezione stradale segnalata;Una carreggiata a doppio senso;Asciutto;Asfaltata;Verticale ed orizzontale;Sereno;Normale;Buona;Ore Diurne;0;0;0;3;12,42401;41,83394;-1;1;Autovettura privata;In marcia / fermata / arresto;Conducente;F;Illeso;0;;Utilizzato;
2653466;15;13/01/2016 14:00;Strada Urbana;VIA DELLA MAGLIANA;all'intersezione con;VIA MONDOLFO;VIA MONDOLFO;;;Scontro frontale/laterale DX fra veicoli in marcia;Intersezione stradale segnalata;Una carreggiata a doppio senso;Asciutto;Asfaltata;Verticale ed orizzontale;Sereno;Normale;Buona;Ore Diurne;0;0;0;3;12,42401;41,83394;-1;2;Autovettura privata;In marcia / fermata / arresto;Conducente;M;Illeso;0;;Utilizzato;
2653466;15;13/01/2016 14:00;Strada Urbana;VIA DELLA MAGLIANA;all'intersezione con;VIA MONDOLFO;VIA MONDOLFO;;;Scontro frontale/laterale DX fra veicoli in marcia;Intersezione stradale segnalata;Una carreggiata a doppio senso;Asciutto;Asfaltata;Verticale ed orizzontale;Sereno;Normale;Buona;Ore Diurne;0;0;0;3;12,42401;41,83394;-1;2;Autovettura privata;In marcia / fermata / arresto;Passeggero;M;Illeso;0;;Utilizzato;
2653473;7;13/01/2016 17:00;Strada Urbana;VIA COLLATINA;all'intersezione con;VIA GIOVANNI CAPRANESI;VIA GIOVANNI CAPRANESI;;;Scontro laterale fra veicoli in marcia;Incrocio;Una carreggiata a doppio senso;Asciutto;Asfaltata;Verticale ed orizzontale;Sereno;Intenso;Buona;Sufficiente;0;0;0;5;12,61092;41,90441;-1;1;Autovettura privata;In marcia / fermata / arresto;Passeggero;M;Illeso;0;;Non accertato;Inesploso
2653473;7;13/01/2016 17:00;Strada Urbana;VIA COLLATINA;all'intersezione con;VIA GIOVANNI CAPRANESI;VIA GIOVANNI CAPRANESI;;;Scontro laterale fra veicoli in marcia;Incrocio;Una carreggiata a doppio senso;Asciutto;Asfaltata;Verticale ed orizzontale;Sereno;Intenso;Buona;Sufficiente;0;0;0;5;12,61092;41,90441;-1;1;Autovettura privata;In marcia / fermata / arresto;Passeggero;F;Illeso;0;;Non accertato;Inesploso
2653473;7;13/01/2016 17:00;Strada Urbana;VIA COLLATINA;all'intersezione con;VIA GIOVANNI CAPRANESI;VIA GIOVANNI CAPRANESI;;;Scontro laterale fra veicoli in marcia;Incrocio;Una carreggiata a doppio senso;Asciutto;Asfaltata;Verticale ed orizzontale;Sereno;Intenso;Buona;Sufficiente;0;0;0;5;12,61092;41,90441;-1;1;Autovettura privata;In marcia / fermata / arresto;Passeggero;F;Illeso;0;;Non accertato;Inesploso
2653473;7;13/01/2016 17:00;Strada Urbana;VIA COLLATINA;all'intersezione con;VIA GIOVANNI CAPRANESI;VIA GIOVANNI CAPRANESI;;;Scontro laterale fra veicoli in marcia;Incrocio;Una carreggiata a doppio senso;Asciutto;Asfaltata;Verticale ed orizzontale;Sereno;Intenso;Buona;Sufficiente;0;0;0;5;12,61092;41,90441;-1;1;Autovettura privata;In marcia / fermata / arresto;Conducente;M;Illeso;0;;Non accertato;Inesploso
2653473;7;13/01/2016 17:00;Strada Urbana;VIA COLLATINA;all'intersezione con;VIA GIOVANNI CAPRANESI;VIA GIOVANNI CAPRANESI;;;Scontro laterale fra veicoli in marcia;Incrocio;Una carreggiata a doppio senso;Asciutto;Asfaltata;Verticale ed orizzontale;Sereno;Intenso;Buona;Sufficiente;0;0;0;5;12,61092;41,90441;-1;2;Autovettura privata;In marcia / fermata / arresto;Conducente;M;Illeso;0;;Non accertato;Inesploso
2653476;20;13/01/2016 19:00;Strada Urbana;VIA DEI GIUOCHI ISTMICI;in corrispondenza;;del civico n.;49;;Veicolo in marcia contro veicolo in sosta;Rettilineo;Una carreggiata a senso unico di marcia;Asciutto;Asfaltata;Verticale ed orizzontale;Sereno;Normale;Buona;Sufficiente;0;0;0;1;12,46182;41,94554;-1;1;Autovettura privata;In marcia / fermata / arresto;Conducente;F;Illeso;0;;;
2653478;8;13/01/2016 19:45;Strada Urbana;VIA DEL PONTE DI NONA;in prossimità;;del palo luce n.;39;;Veicolo in marcia contro ostacolo accidentale;Rettilineo;Una carreggiata a doppio senso;Asciutto;Asfaltata;Verticale ed orizzontale;Sereno;Normale;Buona;Sufficiente;0;0;0;1;12,65966;41,90273;-1;1;Autovettura privata;In marcia / fermata / arresto;Conducente;F;Illeso;0;;Non accertato;Inesploso
2653479;5;13/01/2016 09:15;Strada Urbana;VIALE FERNANDO SANTI;in prossimità;;del civico n.;66;;Investimento di pedone;Rettilineo;Due carreggiate;Asciutto;Asfaltata;Verticale ed orizzontale;Sereno;Scarso;Buona;Ore Diurne;2;0;0;0;12,56664;41,91245;-1;;;;Pedone;M;Rimandato;0;NON DECEDUTO;;
2653479;5;13/01/2016 09:15;Strada Urbana;VIALE FERNANDO SANTI;in prossimità;;del civico n.;66;;Investimento di pedone;Rettilineo;Due carreggiate;Asciutto;Asfaltata;Verticale ed orizzontale;Sereno;Scarso;Buona;Ore Diurne;2;0;0;0;12,56664;41,91245;-1;1;Autovettura privata;In marcia / fermata / arresto;Conducente;M;Rimandato;0;NON DECEDUTO;Non accertato;Inesistente
2653483;10;13/01/2016 17:30;Statale entro l'abitato;VIA ANAGNINA;in prossimità;;del civico n.;582;;Scontro frontale fra veicoli in marcia;Rettilineo;Una carreggiata a senso unico di marcia;Asciutto;Asfaltata;Assente;Sereno;Normale;Buona;Sufficiente;0;0;0;3;12,63709;41,80353;-1;1;Autocarro inferiore 35 q.;In marcia / fermata / arresto;Conducente;M;Illeso;0;;Non accertato;Inesistente
2653483;10;13/01/2016 17:30;Statale entro l'abitato;VIA ANAGNINA;in prossimità;;del civico n.;582;;Scontro frontale fra veicoli in marcia;Rettilineo;Una carreggiata a senso unico di marcia;Asciutto;Asfaltata;Assente;Sereno;Normale;Buona;Sufficiente;0;0;0;3;12,63709;41,80353;-1;2;Autovettura privata;In marcia / fermata / arresto;Conducente;M;Illeso;0;;Non accertato;Inesploso
2653483;10;13/01/2016 17:30;Statale entro l'abitato;VIA ANAGNINA;in prossimità;;del civico n.;582;;Scontro frontale fra veicoli in marcia;Rettilineo;Una carreggiata a senso unico di marcia;Asciutto;Asfaltata;Assente;Sereno;Normale;Buona;Sufficiente;0;0;0;3;12,63709;41,80353;-1;2;Autovettura privata;In marcia / fermata / arresto;Passeggero;M;Illeso;0;;Non accertato;Inesploso
2653486;8;13/01/2016 20:00;Provinciale entro l'abitato;VIA PRENESTINA;da specificare;;;;prossim.semaforo con Via Borghesiana dir.RM centro;Veicolo in marcia contro ostacolo accidentale;Rettilineo;Una carreggiata a doppio senso;Asciutto;Asfaltata;Assente;Sereno;Normale;Sufficiente;Sufficiente;0;0;0;4;12,66931;41,89086;-1;1;Autovettura privata;In marcia / fermata / arresto;Conducente;F;Illeso;0;;Non accertato;Inesploso
2653486;8;13/01/2016 20:00;Provinciale entro l'abitato;VIA PRENESTINA;da specificare;;;;prossim.semaforo con Via Borghesiana dir.RM centro;Veicolo in marcia contro ostacolo accidentale;Rettilineo;Una carreggiata a doppio senso;Asciutto;Asfaltata;Assente;Sereno;Normale;Sufficiente;Sufficiente;0;0;0;4;12,66931;41,89086;-1;1;Autovettura privata;In marcia / fermata / arresto;Passeggero;M;Illeso;0;;Non accertato;Inesploso
2653486;8;13/01/2016 20:00;Provinciale entro l'abitato;VIA PRENESTINA;da specificare;;;;prossim.semaforo con Via Borghesiana dir.RM centro;Veicolo in marcia contro ostacolo accidentale;Rettilineo;Una carreggiata a doppio senso;Asciutto;Asfaltata;Assente;Sereno;Normale;Sufficiente;Sufficiente;0;0;0;4;12,66931;41,89086;-1;1;Autovettura privata;In marcia / fermata / arresto;Passeggero;M;Illeso;0;;Non accertato;Inesistente
2653486;8;13/01/2016 20:00;Provinciale entro l'abitato;VIA PRENESTINA;da specificare;;;;prossim.semaforo con Via Borghesiana dir.RM centro;Veicolo in marcia contro ostacolo accidentale;Rettilineo;Una carreggiata a doppio senso;Asciutto;Asfaltata;Assente;Sereno;Normale;Sufficiente;Sufficiente;0;0;0;4;12,66931;41,89086;-1;1;Autovettura privata;In marcia / fermata / arresto;Passeggero;F;Illeso;0;;Non accertato;Inesistente
2653494;1;14/01/2016 00:30;Strada Urbana;PIAZZA DI PORTA CAPENA;da specificare;;;;ALTEZZA IMPIANTO SEMAFORICO FAO;Scontro laterale fra veicoli in marcia;Rettilineo;Una carreggiata a senso unico di marcia;Asciutto;Asfaltata;Verticale ed orizzontale;Sereno;Scarso;Buona;Sufficiente;1;0;0;1;12,48904;41,88414;-1;1;Autovettura privata;In marcia / fermata / arresto;Conducente;F;Illeso;0;;Non accertato;
2653494;1;14/01/2016 00:30;Strada Urbana;PIAZZA DI PORTA CAPENA;da specificare;;;;ALTEZZA IMPIANTO SEMAFORICO FAO;Scontro laterale fra veicoli in marcia;Rettilineo;Una carreggiata a senso unico di marcia;Asciutto;Asfaltata;Verticale ed orizzontale;Sereno;Scarso;Buona;Sufficiente;1;0;0;1;12,48904;41,88414;-1;2;Velocipede;In marcia / fermata / arresto;Conducente;M;Rimandato;0;NON DECEDUTO;Esente;
2653501;10;13/01/2016 23:00;Strada Urbana;VIA TUSCOLANA;in prossimità;;del civico n.;423;;Veicolo in marcia contro veicolo in sosta;Rettilineo;Più di due carreggiate;Asciutto;Asfaltata;Verticale ed orizzontale;Sereno;Scarso;Buona;Sufficiente;0;0;0;1;12,55584;41,86053;-1;1;Autovettura privata;In marcia / fermata / arresto;Conducente;M;Illeso;0;;Non accertato;Inesploso
2653504;5;13/01/2016 10:15;Strada Urbana;VIA PIETRAFERRAZZANA;all'intersezione con;VIA OSTERIA DELLE CAPANNACCE;VIA OSTERIA DELLE CAPANNACCE;;;Scontro frontale/laterale SX fra veicoli in marcia;Incrocio;Una carreggiata a doppio senso;Asciutto;Asfaltata;Assente;Sereno;Scarso;Buona;Ore Diurne;0;0;0;3;12,6489;41,93825;-1;1;Autovettura privata;In marcia / fermata / arresto;Conducente;M;Illeso;0;;Non accertato;Inesistente
2653504;5;13/01/2016 10:15;Strada Urbana;VIA PIETRAFERRAZZANA;all'intersezione con;VIA OSTERIA DELLE CAPANNACCE;VIA OSTERIA DELLE CAPANNACCE;;;Scontro frontale/laterale SX fra veicoli in marcia;Incrocio;Una carreggiata a doppio senso;Asciutto;Asfaltata;Assente;Sereno;Scarso;Buona;Ore Diurne;0;0;0;3;12,6489;41,93825;-1;1;Autovettura privata;In marcia / fermata / arresto;Passeggero;M;Illeso;0;;Non accertato;Inesistente
2653504;5;13/01/2016 10:15;Strada Urbana;VIA PIETRAFERRAZZANA;all'intersezione con;VIA OSTERIA DELLE CAPANNACCE;VIA OSTERIA DELLE CAPANNACCE;;;Scontro frontale/laterale SX fra veicoli in marcia;Incrocio;Una carreggiata a doppio senso;Asciutto;Asfaltata;Assente;Sereno;Scarso;Buona;Ore Diurne;0;0;0;3;12,6489;41,93825;-1;2;Autovettura privata;In marcia / fermata / arresto;Conducente;M;Illeso;0;;Non accertato;Inesistente
2653509;11;14/01/2016 01:45;Strada Urbana;VIA DI GROTTA PERFETTA;in corrispondenza;;del palo luce n.;87;;Veicolo in marcia contro ostacolo fisso;Rettilineo;Una carreggiata a doppio senso;Asciutto;Asfaltata;Verticale ed orizzontale;Sereno;Scarso;Sufficiente;Sufficiente;0;0;0;1;12,50158;41,84057;-1;1;Autovettura privata;In marcia / fermata / arresto;Conducente;F;Illeso;0;;Non accertato;
2653520;20;13/01/2016 09:30;Statale entro l'abitato;VIA CASSIA;all'intersezione con;VIA VALLE DELLA STORTA;VIA VALLE DELLA STORTA;;;Scontro frontale/laterale DX fra veicoli in marcia;Intersezione non regolata/non segnalata;Una carreggiata a doppio senso;Asciutto;Asfaltata;Verticale ed orizzontale;Sereno;Normale;Buona;Ore Diurne;0;0;0;2;12,37774;42,00663;-1;1;Autovettura privata;In marcia / fermata / arresto;Conducente;M;Illeso;0;;Non accertato;
2653520;20;13/01/2016 09:30;Statale entro l'abitato;VIA CASSIA;all'intersezione con;VIA VALLE DELLA STORTA;VIA VALLE DELLA STORTA;;;Scontro frontale/laterale DX fra veicoli in marcia;Intersezione non regolata/non segnalata;Una carreggiata a doppio senso;Asciutto;Asfaltata;Verticale ed orizzontale;Sereno;Normale;Buona;Ore Diurne;0;0;0;2;12,37774;42,00663;-1;2;Autovettura privata;In marcia / fermata / arresto;Conducente;F;Illeso;0;;Non accertato;
2653533;18;05/01/2016 16:25;Strada Urbana;VIA DI BOCCEA;da specificare;;;;PROSSIMITA' VIA NAZARETH;Scontro laterale fra veicoli in marcia;Curva a visuale libera;Due carreggiate;Bagnato (umidità in atto);Asfaltata;Verticale ed orizzontale;Nuvoloso;Normale;Sufficiente;Sufficiente;0;0;0;2;12,40798;41,9072;-1;1;Autovettura privata;In marcia / fermata / arresto;Conducente;M;Illeso;0;;Non accertato;Inesploso
2653533;18;05/01/2016 16:25;Strada Urbana;VIA DI BOCCEA;da specificare;;;;PROSSIMITA' VIA NAZARETH;Scontro laterale fra veicoli in marcia;Curva a visuale libera;Due carreggiate;Bagnato (umidità in atto);Asfaltata;Verticale ed orizzontale;Nuvoloso;Normale;Sufficiente;Sufficiente;0;0;0;2;12,40798;41,9072;-1;2;Motociclo a solo;In marcia / fermata / arresto;Conducente;M;Illeso;0;;Non accertato;
2653535;5;13/01/2016 10:30;Strada Urbana;VIA DI SETTECAMINI;da specificare;;;;ALTEZZA VIA DI CASALBIANCO;Veicolo in marcia contro ostacolo accidentale;Rettilineo;Una carreggiata a senso unico di marcia;Asciutto;Asfaltata;Verticale ed orizzontale;Sereno;Scarso;Buona;Ore Diurne;0;0;0;1;13,10296;41,80894;-1;1;Motociclo a solo;In marcia / fermata / arresto;Conducente;M;Illeso;0;;Non accertato;
2653542;20;13/01/2016 19:30;Strada Urbana;VIA FLAMINIA;da specificare;;;;ALTEZZA VIADOTTO FRASSINETO;Veicolo in marcia contro ostacolo accidentale;Rettilineo;Una carreggiata a senso unico di marcia;Asciutto;Asfaltata;Verticale ed orizzontale;Sereno;Scarso;Insufficiente;Insufficiente;0;1;0;0;12,4926;41,98761;-1;1;Motociclo a solo;In marcia / fermata / arresto;Conducente;M;Prognosi riservata;0;NON DECEDUTO;;
2653564;7;13/01/2016 15:15;Strada Urbana;VIA DEL MAGGIOLINO;in prossimità;;del civico n.;52;;Scontro frontale/laterale SX fra veicoli in marcia;Rettilineo;Una carreggiata a doppio senso;Asciutto;Asfaltata;Assente;Sereno;Normale;Buona;Ore Diurne;1;0;0;1;12,60686;41,89697;-1;1;Autovettura privata;In marcia / fermata / arresto;Conducente;F;Rimandato;0;NON DECEDUTO;Non accertato;Inesploso
2653564;7;13/01/2016 15:15;Strada Urbana;VIA DEL MAGGIOLINO;in prossimità;;del civico n.;52;;Scontro frontale/laterale SX fra veicoli in marcia;Rettilineo;Una carreggiata a doppio senso;Asciutto;Asfaltata;Assente;Sereno;Normale;Buona;Ore Diurne;1;0;0;1;12,60686;41,89697;-1;2;Autovettura privata;In marcia / fermata / arresto;Conducente;F;Illeso;0;;Non accertato;Inesploso
2653581;17;13/01/2016 09:45;Strada Urbana;VIALE GIULIO CESARE;all'intersezione con;VIA ALESSANDRO FARNESE;VIA ALESSANDRO FARNESE;;;Scontro frontale/laterale DX fra veicoli in marcia;Incrocio;Due carreggiate;Asciutto;Asfaltata;Verticale ed orizzontale;Sereno;Normale;Buona;Ore Diurne;0;0;0;2;12,46734;41,91157;-1;1;Autovettura privata;In marcia / fermata / arresto;Conducente;M;Illeso;0;;Non accertato;Inesploso
2653581;17;13/01/2016 09:45;Strada Urbana;VIALE GIULIO CESARE;all'intersezione con;VIA ALESSANDRO FARNESE;VIA ALESSANDRO FARNESE;;;Scontro frontale/laterale DX fra veicoli in marcia;Incrocio;Due carreggiate;Asciutto;Asfaltata;Verticale ed orizzontale;Sereno;Normale;Buona;Ore Diurne;0;0;0;2;12,46734;41,91157;-1;2;Ciclomotore;In marcia / fermata / arresto;Conducente;M;Illeso;0;;Non accertato;
2653590;1;13/01/2016 16:00;Strada Urbana;VIALE DI TRASTEVERE;all'intersezione semaforizzata con;PIAZZA SIDNEY SONNINO;PIAZZA SIDNEY SONNINO;;;Scontro frontale/laterale SX fra veicoli in marcia;Intersezione semaforizzata;Più di due carreggiate;Asciutto;Asfaltata;Verticale;Sereno;Scarso;Buona;Ore Diurne;1;0;0;2;12,46776;41,88147;-1;1;Autovettura privata;In marcia / fermata / arresto;Conducente;M;Illeso;0;;Non accertato;