Protocollo;Gruppo;DataOraIncidente;Localizzazione1;STRADA1;Localizzazione2;STRADA2;Strada02;Chilometrica;DaSpecificare;NaturaIncidente;particolaritastrade;TipoStrada;FondoStradale;Pavimentazione;Segnaletica;CondizioneAtmosferica;Traffico;Visibilita;Illuminazione;NUM_FERITI;NUM_RISERVATA;NUM_MORTI;NUM_ILLESI;Longitudine;Latitudine;Confermato;Progressivo;TipoVeicolo;StatoVeicolo;TipoPersona;Sesso;Tipolesione;Deceduto;DecedutoDopo;CinturaCascoUtilizzato;Airbag
2659617;13;18/01/2016 08:45;Strada Urbana;VIA DOBBIACO;all'intersezione con;VIA VALFLORIANA;VIA VALFLORIANA;;;Scontro frontale/laterale DX fra veicoli in marcia;Incrocio;Una carreggiata a doppio senso;Asciutto;Asfaltata;Assente;Sereno;Normale;Sufficiente;Ore Diurne;2;0;0;2;12,37953;41,73009;-1;1;Autocarro inferiore 35 q.;In marcia / fermata / arresto;Passeggero;M;Illeso;0;;Non accertato;Inesploso
2659617;13;18/01/2016 08:45;Strada Urbana;VIA DOBBIACO;all'intersezione con;VIA VALFLORIANA;VIA VALFLORIANA;;;Scontro frontale/laterale DX fra veicoli in marcia;Incrocio;Una carreggiata a doppio senso;Asciutto;Asfaltata;Assente;Sereno;Normale;Sufficiente;Ore Diurne;2;0;0;2;12,37953;41,73009;-1;2;Autovettura privata;In marcia / fermata / arresto;Conducente;M;Rimandato;0;NON DECEDUTO;Non accertato;Inesploso
2659617;13;18/01/2016 08:45;Strada Urbana;VIA DOBBIACO;all'intersezione con;VIA VALFLORIANA;VIA VALFLORIANA;;;Scontro frontale/laterale DX fra veicoli in marcia;Incrocio;Una carreggiata a doppio senso;Asciutto;Asfaltata;Assente;Sereno;Normale;Sufficiente;Ore Diurne;2;0;0;2;12,37953;41,73009;-1;2;Autovettura privata;In marcia / fermata / arresto;Passeggero;M;Rimandato;0;NON DECEDUTO;Non accertato;Inesploso
2659621;8;18/01/2016 08:40;Strada Urbana;VIA MASSA DI SAN GIULIANO;all'intersezione con;LARGO ROTELLO;LARGO ROTELLO;;;Scontro laterale fra veicoli in marcia;Intersezione stradale segnalata;Una carreggiata a doppio senso;Asciutto;Asfaltata;Verticale ed orizzontale;Sereno;Scarso;Buona;Ore Diurne;0;0;0;3;12,68369;41,91753;-1;1;Autovettura privata;In marcia / fermata / arresto;Conducente;M;Illeso;0;;Non accertato;Inesploso
2659621;8;18/01/2016 08:40;Strada Urbana;VIA MASSA DI SAN GIULIANO;all'intersezione con;LARGO ROTELLO;LARGO ROTELLO;;;Scontro laterale fra veicoli in marcia;Intersezione stradale segnalata;Una carreggiata a doppio senso;Asciutto;Asfaltata;Verticale ed orizzontale;Sereno;Scarso;Buona;Ore Diurne;0;0;0;3;12,68369;41,91753;-1;1;Autovettura privata;In marcia / fermata / arresto;Passeggero;M;Illeso;0;;;
2659621;8;18/01/2016 08:40;Strada Urbana;VIA MASSA DI SAN GIULIANO;all'intersezione con;LARGO ROTELLO;LARGO ROTELLO;;;Scontro laterale fra veicoli in marcia;Intersezione stradale segnalata;Una carreggiata a doppio senso;Asciutto;Asfaltata;Verticale ed orizzontale;Sereno;Scarso;Buona;Ore Diurne;0;0;0;3;12,68369;41,91753;-1;2;Autobus turistico;In marcia / fermata / arresto;Conducente;M;Illeso;0;;Non accertato;Inesploso
2659627;8;18/01/2016 16:15;Strada Urbana;VIA DI TOR VERGATA;all'intersezione semaforizzata con;VIA MARCELLO ALESSIO;VIA MARCELLO ALESSIO;;;Scontro frontale/laterale SX fra veicoli in marcia;Intersezione semaforizzata;Più di due carreggiate;Asciutto;Asfaltata;Verticale ed orizzontale;Sereno;Normale;Buona;Ore Diurne;1;0;0;1;12,62261;41,84739;-1;1;Autovettura privata;In marcia / fermata / arresto;Conducente;F;Illeso;0;;Non accertato;Inesploso
2659627;8;18/01/2016 16:15;Strada Urbana;VIA DI TOR VERGATA;all'intersezione semaforizzata con;VIA MARCELLO ALESSIO;VIA MARCELLO ALESSIO;;;Scontro frontale/laterale SX fra veicoli in marcia;Intersezione semaforizzata;Più di due carreggiate;Asciutto;Asfaltata;Verticale ed orizzontale;Sereno;Normale;Buona;Ore Diurne;1;0;0;1;12,62261;41,84739;-1;2;Motociclo a solo;In marcia / fermata / arresto;Conducente;M;Rifiuta cure immediate;0;NON DECEDUTO;Non accertato;
2659628;5;18/01/2016 15:45;Strada Urbana;VIA DEL CASALE DI S. BASILIO;in prossimità;;del civico n.;323;;Scontro frontale/laterale DX fra veicoli in marcia;Curva senza visuale libera;Una carreggiata a doppio senso;Asciutto;Asfaltata;Orizzontale;Sereno;Normale;Buona;Ore Diurne;0;0;0;2;12,58477;41,93261;-1;1;Autovettura privata;In marcia / fermata / arresto;Conducente;M;Illeso;0;;Non accertato;Inesploso
2659628;5;18/01/2016 15:45;Strada Urbana;VIA DEL CASALE DI S. BASILIO;in prossimità;;del civico n.;323;;Scontro frontale/laterale DX fra veicoli in marcia;Curva senza visuale libera;Una carreggiata a doppio senso;Asciutto;Asfaltata;Orizzontale;Sereno;Normale;Buona;Ore Diurne;0;0;0;2;12,58477;41,93261;-1;2;Autovettura privata;In marcia / fermata / arresto;Conducente;M;Illeso;0;;Non accertato;Inesploso
2659632;8;18/01/2016 21:30;Strada Urbana;VIA DEL PONTE DI NONA;in prossimità;;del civico n.;81;;Veicolo in marcia contro ostacolo accidentale;Rettilineo;Una carreggiata a doppio senso;Asciutto;Asfaltata;Verticale ed orizzontale;Nuvoloso;Scarso;Sufficiente;Sufficiente;0;0;0;3;12,66684;41,89119;-1;1;Autovettura privata;In marcia / fermata / arresto;Conducente;F;Illeso;0;;Non accertato;Inesploso
2659632;8;18/01/2016 21:30;Strada Urbana;VIA DEL PONTE DI NONA;in prossimità;;del civico n.;81;;Veicolo in marcia contro ostacolo accidentale;Rettilineo;Una carreggiata a doppio senso;Asciutto;Asfaltata;Verticale ed orizzontale;Nuvoloso;Scarso;Sufficiente;Sufficiente;0;0;0;3;12,66684;41,89119;-1;1;Autovettura privata;In marcia / fermata / arresto;Passeggero;F;Illeso;0;;Non accertato;Inesploso
2659632;8;18/01/2016 21:30;Strada Urbana;VIA DEL PONTE DI NONA;in prossimità;;del civico n.;81;;Veicolo in marcia contro ostacolo accidentale;Rettilineo;Una carreggiata a doppio senso;Asciutto;Asfaltata;Verticale ed orizzontale;Nuvoloso;Scarso;Sufficiente;Sufficiente;0;0;0;3;12,66684;41,89119;-1;1;Autovettura privata;In marcia / fermata / arresto;Passeggero;F;Illeso;0;;Non accertato;Inesistente
2659633;5;19/01/2016 01:40;Strada Urbana;VIA MICHELANGELO TILLI;in prossimità;;del civico n.;49;;Tamponamento;Rettilineo;Una carreggiata a doppio senso;Asciutto;Asfaltata;Assente;Sereno;Scarso;Buona;Sufficiente;0;0;0;3;12,55151;41,93381;-1;1;Autovettura privata;In marcia / fermata / arresto;Passeggero;M;Illeso;0;;Non accertato;Inesploso
2659633;5;19/01/2016 01:40;Strada Urbana;VIA MICHELANGELO TILLI;in prossimità;;del civico n.;49;;Tamponamento;Rettilineo;Una carreggiata a doppio senso;Asciutto;Asfaltata;Assente;Sereno;Scarso;Buona;Sufficiente;0;0;0;3;12,55151;41,93381;-1;1;Autovettura privata;In marcia / fermata / arresto;Conducente;F;Illeso;0;;Non accertato;Inesploso
2659633;5;19/01/2016 01:40;Strada Urbana;VIA MICHELANGELO TILLI;in prossimità;;del civico n.;49;;Tamponamento;Rettilineo;Una carreggiata a doppio senso;Asciutto;Asfaltata;Assente;Sereno;Scarso;Buona;Sufficiente;0;0;0;3;12,55151;41,93381;-1;2;Autovettura privata;In marcia / fermata / arresto;Conducente;M;Illeso;0;;Non accertato;Inesploso
2659635;8;18/01/2016 22:20;Statale entro l'abitato;VIA DI TOR BELLA MONACA;all'intersezione con;VIA CASILINA;VIA CASILINA;;;Veicolo in marcia contro ostacolo accidentale;Incrocio;Due carreggiate;Asciutto;Asfaltata;Verticale ed orizzontale;Nuvoloso;Scarso;Sufficiente;Sufficiente;0;0;0;1;12,64015;41,86345;-1;1;Autovettura privata;In marcia / fermata / arresto;Conducente;M;Illeso;0;;Non accertato;Inesploso
2659637;8;18/01/2016 22:40;Statale entro l'abitato;VIA DI TOR BELLA MONACA;all'intersezione con;VIA CASILINA;VIA CASILINA;;;Veicolo in marcia contro ostacolo accidentale;Incrocio;Due carreggiate;Asciutto;Asfaltata;Verticale ed orizzontale;Nuvoloso;Scarso;Sufficiente;Sufficiente;0;0;0;1;12,64023;41,86338;-1;1;Autovettura privata;In marcia / fermata / arresto;Conducente;M;Illeso;0;;Non accertato;Inesploso
2659638;8;18/01/2016 18:00;Strada Urbana;VIA SELLIA;in corrispondenza;;del palo luce n.;13;;Veicolo in marcia contro ostacolo accidentale;Rettilineo;Una carreggiata a doppio senso;Asciutto;Asfaltata;Assente;Sereno;Normale;Buona;Sufficiente;0;0;0;1;12,68327;41,87235;-1;1;Autovettura privata;In marcia / fermata / arresto;Conducente;M;Illeso;0;;Non accertato;Inesploso
2659639;13;17/01/2016 22:00;Strada Urbana;VIA DELL'APPAGLIATORE;in corrispondenza;;del civico n.;5;;Veicolo in marcia contro veicoli in sosta;Rettilineo;Una carreggiata a doppio senso;Asciutto;Asfaltata;Orizzontale;Sereno;Normale;Buona;Sufficiente;0;0;0;1;12,26475;41,7372;-1;4;Autovettura privata;In marcia / fermata / arresto;Conducente;F;Illeso;0;;Non accertato;Inesploso
2659642;8;18/01/2016 19:00;Strada Urbana;VIALE DI TORRE MAURA;in prossimità;;del palo luce n.;20;;Veicolo in marcia contro ostacolo accidentale;Curva a visuale libera;Due carreggiate;Asciutto;Asfaltata;Verticale ed orizzontale;Sereno;Normale;Buona;Sufficiente;0;0;0;2;12,59217;41,86022;-1;1;Autovettura privata;In marcia / fermata / arresto;Conducente;F;Illeso;0;;Non accertato;Inesploso
2659642;8;18/01/2016 19:00;Strada Urbana;VIALE DI TORRE MAURA;in prossimità;;del palo luce n.;20;;Veicolo in marcia contro ostacolo accidentale;Curva a visuale libera;Due carreggiate;Asciutto;Asfaltata;Verticale ed orizzontale;Sereno;Normale;Buona;Sufficiente;0;0;0;2;12,59217;41,86022;-1;1;Autovettura privata;In marcia / fermata / arresto;Passeggero;F;Illeso;0;;Non accertato;Inesploso
2659650;8;19/01/2016;Provinciale entro l'abitato;VIA COLLATINA;da specificare;;;;20 mt dopo rotatoria V. Cicali dir RM centro;Veicolo in marcia contro ostacolo accidentale;Curva a visuale libera;Una carreggiata a doppio senso;Asciutto;Asfaltata;Assente;Sereno;Normale;Sufficiente;Sufficiente;0;0;0;1;12,64727;41,91166;-1;1;Autovettura privata;In marcia / fermata / arresto;Conducente;M;Illeso;0;;Non accertato;Inesploso
2659652;18;11/01/2016 13:30;Strada Urbana;VIA DI BOCCEA;in corrispondenza;;del civico n.;317;;Scontro frontale fra veicoli in marcia;Rettilineo;Una carreggiata a doppio senso;Asciutto;Asfaltata;Verticale ed orizzontale;Sereno;Normale;Buona;Ore Diurne;1;0;0;1;12,41218;41,90299;-1;1;Motociclo a solo;In marcia / fermata / arresto;Conducente;M;Illeso;0;;;
2659652;18;11/01/2016 13:30;Strada Urbana;VIA DI BOCCEA;in corrispondenza;;del civico n.;317;;Scontro frontale fra veicoli in marcia;Rettilineo;Una carreggiata a doppio senso;Asciutto;Asfaltata;Verticale ed orizzontale;Sereno;Normale;Buona;Ore Diurne;1;0;0;1;12,41218;41,90299;-1;2;Motociclo a solo;In marcia / fermata / arresto;Conducente;M;Rimandato;0;NON DECEDUTO;;
2659655;2;18/01/2016 18:30;Strada Urbana;PIAZZA ANNIBALIANO;in corrispondenza;;del civico n.;18;;Scontro laterale fra veicoli in marcia;Rettilineo;Due carreggiate;Asciutto;Asfaltata;Verticale ed orizzontale;Sereno;Normale;Buona;Sufficiente;1;0;0;3;12,5159;41,92463;-1;1;Autovettura privata;In marcia / fermata / arresto;Conducente;F;Illeso;0;;Non accertato;Inesploso
2659655;2;18/01/2016 18:30;Strada Urbana;PIAZZA ANNIBALIANO;in corrispondenza;;del civico n.;18;;Scontro laterale fra veicoli in marcia;Rettilineo;Due carreggiate;Asciutto;Asfaltata;Verticale ed orizzontale;Sereno;Normale;Buona;Sufficiente;1;0;0;3;12,5159;41,92463;-1;1;Autovettura privata;In marcia / fermata / arresto;Passeggero;M;Illeso;0;;Non accertato;Inesploso
2659655;2;18/01/2016 18:30;Strada Urbana;PIAZZA ANNIBALIANO;in corrispondenza;;del civico n.;18;;Scontro laterale fra veicoli in marcia;Rettilineo;Due carreggiate;Asciutto;Asfaltata;Verticale ed orizzontale;Sereno;Normale;Buona;Sufficiente;1;0;0;3;12,5159;41,92463;-1;2;Autovettura privata;In marcia / fermata / arresto;Conducente;F;Illeso;0;;Non accertato;Inesploso
2659655;2;18/01/2016 18:30;Strada Urbana;PIAZZA ANNIBALIANO;in corrispondenza;;del civico n.;18;;Scontro laterale fra veicoli in marcia;Rettilineo;Due carreggiate;Asciutto;Asfaltata;Verticale ed orizzontale;Sereno;Normale;Buona;Sufficiente;1;0;0;3;12,5159;41,92463;-1;3;Motociclo a solo;In marcia / fermata / arresto;Conducente;M;Rimandato;0;NON DECEDUTO;Non accertato;
2659657;13;18/01/2016 08:30;Strada Urbana;VIA DEI MONTI DI S. PAOLO;all'intersezione con;VIA GUIDO MARIA CONFORTI;VIA GUIDO MARIA CONFORTI;;;Scontro frontale/laterale SX fra veicoli in marcia;Incrocio;Una carreggiata a doppio senso;Asciutto;Asfaltata;Verticale;Sereno;Scarso;Buona;Ore Diurne;1;0;0;1;12,3577;41,78881;-1;1;Autovettura privata;In marcia / fermata / arresto;Conducente;M;Illeso;0;;;
2659657;13;18/01/2016 08:30;Strada Urbana;VIA DEI MONTI DI S. PAOLO;all'intersezione con;VIA GUIDO MARIA CONFORTI;VIA GUIDO MARIA CONFORTI;;;Scontro frontale/laterale SX fra veicoli in marcia;Incrocio;Una carreggiata a doppio senso;Asciutto;Asfaltata;Verticale;Sereno;Scarso;Buona;Ore Diurne;1;0;0;1;12,3577;41,78881;-1;2;Motociclo a solo;In marcia / fermata / arresto;Conducente;M;Rimandato;0;NON DECEDUTO;;
2659662;16;17/01/2016 23:00;Strada Urbana;VIA VITELLIA;all'intersezione con;VIA DI DONNA OLIMPIA;VIA DI DONNA OLIMPIA;;;Scontro frontale/laterale DX fra veicoli in marcia;Intersezione semaforizzata;Una carreggiata a doppio senso;Asciutto;Asfaltata;Verticale ed orizzontale;Sereno;Scarso;Sufficiente;Sufficiente;0;0;0;3;12,45014;41,88041;-1;1;Autovettura privata;In marcia / fermata / arresto;Conducente;M;Illeso;0;;Non accertato;Inesploso
2659662;16;17/01/2016 23:00;Strada Urbana;VIA VITELLIA;all'intersezione con;VIA DI DONNA OLIMPIA;VIA DI DONNA OLIMPIA;;;Scontro frontale/laterale DX fra veicoli in marcia;Intersezione semaforizzata;Una carreggiata a doppio senso;Asciutto;Asfaltata;Verticale ed orizzontale;Sereno;Scarso;Sufficiente;Sufficiente;0;0;0;3;12,45014;41,88041;-1;1;Autovettura privata;In marcia / fermata / arresto;Passeggero;M;Illeso;0;;Non accertato;Inesploso
2659662;16;17/01/2016 23:00;Strada Urbana;VIA VITELLIA;all'intersezione con;VIA DI DONNA OLIMPIA;VIA DI DONNA OLIMPIA;;;Scontro frontale/laterale DX fra veicoli in marcia;Intersezione semaforizzata;Una carreggiata a doppio senso;Asciutto;Asfaltata;Verticale ed orizzontale;Sereno;Scarso;Sufficiente;Sufficiente;0;0;0;3;12,45014;41,88041;-1;2;Autovettura privata;In marcia / fermata / arresto;Conducente;M;Illeso;0;;Non accertato;Inesploso
2659669;5;11/01/2016 10:20;Strada Urbana;VIA TIBURTINA;da specificare;;;;altezza VIA CASTEL MADAMA;Scontro laterale fra veicoli in marcia;Rettilineo;Due carreggiate;Asciutto;Asfaltata;Verticale ed orizzontale;Sereno;Intenso;Buona;Ore Diurne;0;0;0;2;12,60546;41,93402;-1;1;Autobus di linea;In marcia / fermata / arresto;Conducente;M;Illeso;0;;Non accertato;
2659669;5;11/01/2016 10:20;Strada Urbana;VIA TIBURTINA;da specificare;;;;altezza VIA CASTEL MADAMA;Scontro laterale fra veicoli in marcia;Rettilineo;Due carreggiate;Asciutto;Asfaltata;Verticale ed orizzontale;Sereno;Intenso;Buona;Ore Diurne;0;0;0;2;12,60546;41,93402;-1;2;Autovettura privata;In marcia / fermata / arresto;Conducente;F;Illeso;0;;Non accertato;
2659687;1;17/01/2016 03:00;Strada Urbana;PONTE GARIBALDI;all'intersezione semaforizzata con;PIAZZA GIUSEPPE GIOACHINO BELLI;PIAZZA GIUSEPPE GIOACHINO BELLI;;;Investimento di pedone;Intersezione semaforizzata;Una carreggiata a doppio senso;Asciutto;Asfaltata;Verticale ed orizzontale;Sereno;Normale;Sufficiente;Sufficiente;0;0;0;2;12,47456;41,89112;-1;;;;Pedone;M;Illeso;0;;;
2659687;1;17/01/2016 03:00;Strada Urbana;PONTE GARIBALDI;all'intersezione semaforizzata con;PIAZZA GIUSEPPE GIOACHINO BELLI;PIAZZA GIUSEPPE GIOACHINO BELLI;;;Investimento di pedone;Intersezione semaforizzata;Una carreggiata a doppio senso;Asciutto;Asfaltata;Verticale ed orizzontale;Sereno;Normale;Sufficiente;Sufficiente;0;0;0;2;12,47456;41,89112;-1;1;Autovettura privata;In marcia / fermata / arresto;Conducente;M;Illeso;0;;;
2659689;13;16/01/2016 11:45;Strada Urbana;VIA ARMANDO ARMUZZI;in prossimità;;del civico n.;6;;Investimento di pedone;Rettilineo;Due carreggiate;Bagnato (pioggia);Asfaltata;Verticale ed orizzontale;Nuvoloso;Normale;Buona;Ore Diurne;1;0;0;1;12,27854;41,73158;-1;;;;Pedone;M;Rifiuta cure immediate;0;NON DECEDUTO;;
2659689;13;16/01/2016 11:45;Strada Urbana;VIA ARMANDO ARMUZZI;in prossimità;;del civico n.;6;;Investimento di pedone;Rettilineo;Due carreggiate;Bagnato (pioggia);Asfaltata;Verticale ed orizzontale;Nuvoloso;Normale;Buona;Ore Diurne;1;0;0;1;12,27854;41,73158;-1;1;Autovettura privata;In marcia / fermata / arresto;Conducente;M;Illeso;0;;Non accertato;Inesploso
2659700;20;18/01/2016 09:40;Strada Urbana;VIA S. GIOVANNA ELISABETTA;in corrispondenza;;del civico n.;13;;Veicolo in marcia contro ostacolo accidentale;Rettilineo;Una carreggiata a senso unico di marcia;Ghiacciato;Asfaltata;Verticale;Sereno;Normale;Buona;Ore Diurne;1;0;0;0;12,45586;41,95791;-1;1;Motociclo a solo;In marcia / fermata / arresto;Conducente;M;Rimandato;0;NON DECEDUTO;;
2659726;18;12/01/2016 08:30;Statale entro l'abitato;VIA AURELIA;all'intersezione con;VIA LUDOVICO ALTIERI;VIA LUDOVICO ALTIERI;;;Scontro laterale fra veicoli in marcia;Intersezione stradale segnalata;Una carreggiata a doppio senso;Asciutto;Asfaltata;Verticale ed orizzontale;Sereno;Normale;Buona;Ore Diurne;0;0;0;2;12,4138;41,89218;-1;1;Autovettura privata;In marcia / fermata / arresto;Conducente;M;Illeso;0;;Non accertato;Inesploso
2659726;18;12/01/2016 08:30;Statale entro l'abitato;VIA AURELIA;all'intersezione con;VIA LUDOVICO ALTIERI;VIA LUDOVICO ALTIERI;;;Scontro laterale fra veicoli in marcia;Intersezione stradale segnalata;Una carreggiata a doppio senso;Asciutto;Asfaltata;Verticale ed orizzontale;Sereno;Normale;Buona;Ore Diurne;0;0;0;2;12,4138;41,89218;-1;2;Autovettura privata;In marcia / fermata / arresto;Conducente;M;Illeso;0;;Non accertato;Inesploso
2659728;20;18/01/2016 15:30;Strada Urbana;VIA STEFANO JACINI;da specificare;;;;prossimità Via C.F. di Cambiano;Veicolo in marcia contro veicolo in sosta;Rettilineo;Una carreggiata a doppio senso;Asciutto;Asfaltata;Verticale ed orizzontale;Sereno;Normale;Buona;Ore Diurne;0;0;0;1;12,46781;41,94931;-1;2;Autocarro inferiore 35 q.;In marcia / fermata / arresto;Conducente;M;Illeso;0;;;
2659738;4;18/01/2016 08:10;Strada Urbana;VIADOTTO ANTONIO SEGNI;in prossimità;;del palo luce n.;126;;Tamponamento;Rettilineo;Due carreggiate;Asciutto;Asfaltata;Orizzontale;Sereno;Normale;Buona;Ore Diurne;0;0;0;4;12,54116;41,95543;-1;1;Autocarro inferiore 35 q.;In marcia / fermata / arresto;Conducente;F;Illeso;0;;;
2659738;4;18/01/2016 08:10;Strada Urbana;VIADOTTO ANTONIO SEGNI;in prossimità;;del palo luce n.;126;;Tamponamento;Rettilineo;Due carreggiate;Asciutto;Asfaltata;Orizzontale;Sereno;Normale;Buona;Ore Diurne;0;0;0;4;12,54116;41,95543;-1;1;Autocarro inferiore 35 q.;In marcia / fermata / arresto;Passeggero;M;Illeso;0;;;
2659738;4;18/01/2016 08:10;Strada Urbana;VIADOTTO ANTONIO SEGNI;in prossimità;;del palo luce n.;126;;Tamponamento;Rettilineo;Due carreggiate;Asciutto;Asfaltata;Orizzontale;Sereno;Normale;Buona;Ore Diurne;0;0;0;4;12,54116;41,95543;-1;2;Autovettura privata;In marcia / fermata / arresto;Conducente;F;Illeso;0;;;
2659738;4;18/01/2016 08:10;Strada Urbana;VIADOTTO ANTONIO SEGNI;in prossimità;;del palo luce n.;126;;Tamponamento;Rettilineo;Due carreggiate;Asciutto;Asfaltata;Orizzontale;Sereno;Normale;Buona;Ore Diurne;0;0;0;4;12,54116;41,95543;-1;2;Autovettura privata;In marcia / fermata / arresto;Passeggero;M;Illeso;0;;;
2659742;1;17/01/2016 17:10;Strada Urbana;VIA PIEMONTE;all'intersezione con;VIA SARDEGNA;VIA SARDEGNA;;;Scontro frontale/laterale DX fra veicoli in marcia;Incrocio;Una carreggiata a senso unico di marcia;Asciutto;Asfaltata;Verticale ed orizzontale;Nuvoloso;Normale;Sufficiente;Sufficiente;0;0;0;3;12,49353;41,90839;-1;1;Autovettura privata;In marcia / fermata / arresto;Conducente;F;Illeso;0;;Non accertato;
2659742;1;17/01/2016 17:10;Strada Urbana;VIA PIEMONTE;all'intersezione con;VIA SARDEGNA;VIA SARDEGNA;;;Scontro frontale/laterale DX fra veicoli in marcia;Incrocio;Una carreggiata a senso unico di marcia;Asciutto;Asfaltata;Verticale ed orizzontale;Nuvoloso;Normale;Sufficiente;Sufficiente;0;0;0;3;12,49353;41,90839;-1;1;Autovettura privata;In marcia / fermata / arresto;Passeggero;M;Illeso;0;;Non accertato;
2659742;1;17/01/2016 17:10;Strada Urbana;VIA PIEMONTE;all'intersezione con;VIA SARDEGNA;VIA SARDEGNA;;;Scontro frontale/laterale DX fra veicoli in marcia;Incrocio;Una carreggiata a senso unico di marcia;Asciutto;Asfaltata;Verticale ed orizzontale;Nuvoloso;Normale;Sufficiente;Sufficiente;0;0;0;3;12,49353;41,90839;-1;2;Autovettura privata;In marcia / fermata / arresto;Conducente;F;Illeso;0;;Non accertato;
2659749;13;18/01/2016 10:30;Strada Urbana;VIA ACHILLE PELLIZZARI;in corrispondenza;;del civico n.;5;;Veicolo in marcia contro ostacolo fisso;Rettilineo;Una carreggiata a doppio senso;Asciutto;Asfaltata;Assente;Sereno;Scarso;Buona;Ore Diurne;0;0;0;1;12,35305;41,73383;-1;1;Autocarro inferiore 35 q.;In marcia / fermata / arresto;Conducente;M;Illeso;0;;;
2659757;16;18/01/2016 08:05;Strada Urbana;VIA AURELIA ANTICA;in corrispondenza;;del civico n.;415;;Scontro frontale/laterale SX fra veicoli in marcia;Rettilineo;Una carreggiata a doppio senso;Asciutto;Asfaltata;Orizzontale;Sereno;Normale;Buona;Ore Diurne;1;0;0;5;12,42581;41,88877;-1;1;Autovettura privata;In marcia / fermata / arresto;Conducente;M;Illeso;0;;Non accertato;
2659757;16;18/01/2016 08:05;Strada Urbana;VIA AURELIA ANTICA;in corrispondenza;;del civico n.;415;;Scontro frontale/laterale SX fra veicoli in marcia;Rettilineo;Una carreggiata a doppio senso;Asciutto;Asfaltata;Orizzontale;Sereno;Normale;Buona;Ore Diurne;1;0;0;5;12,42581;41,88877;-1;1;Autovettura privata;In marcia / fermata / arresto;Passeggero;M;Illeso;0;;Non accertato;
2659757;16;18/01/2016 08:05;Strada Urbana;VIA AURELIA ANTICA;in corrispondenza;;del civico n.;415;;Scontro frontale/laterale SX fra veicoli in marcia;Rettilineo;Una carreggiata a doppio senso;Asciutto;Asfaltata;Orizzontale;Sereno;Normale;Buona;Ore Diurne;1;0;0;5;12,42581;41,88877;-1;1;Autovettura privata;In marcia / fermata / arresto;Passeggero;M;Illeso;0;;Non accertato;
2659757;16;18/01/2016 08:05;Strada Urbana;VIA AURELIA ANTICA;in corrispondenza;;del civico n.;415;;Scontro frontale/laterale SX fra veicoli in marcia;Rettilineo;Una carreggiata a doppio senso;Asciutto;Asfaltata;Orizzontale;Sereno;Normale;Buona;Ore Diurne;1;0;0;5;12,42581;41,88877;-1;1;Autovettura privata;In marcia / fermata / arresto;Passeggero;M;Illeso;0;;Non accertato;
2659757;16;18/01/2016 08:05;Strada Urbana;VIA AURELIA ANTICA;in corrispondenza;;del civico n.;415;;Scontro frontale/laterale SX fra veicoli in marcia;Rettilineo;Una carreggiata a doppio senso;Asciutto;Asfaltata;Orizzontale;Sereno;Normale;Buona;Ore Diurne;1;0;0;5;12,42581;41,88877;-1;1;Autovettura privata;In marcia / fermata / arresto;Passeggero;F;Illeso;0;;Non accertato;
2659757;16;18/01/2016 08:05;Strada Urbana;VIA AURELIA ANTICA;in corrispondenza;;del civico n.;415;;Scontro frontale/laterale SX fra veicoli in marcia;Rettilineo;Una carreggiata a doppio senso;Asciutto;Asfaltata;Orizzontale;Sereno;Normale;Buona;Ore Diurne;1;0;0;5;12,42581;41,88877;-1;2;Motociclo a solo;In marcia / fermata / arresto;Conducente;M;Rimandato;0;NON DECEDUTO;Non accertato;
2659759;13;18/01/2016 11:05;Strada Urbana;VIALE DEI ROMAGNOLI;da specificare;;;;in prossimità di Via della Macchiarella;Infortunio per sola frenata improvvisa;Rettilineo;Una carreggiata a doppio senso;Asciutto;Asfaltata;Verticale ed orizzontale;Sereno;Normale;Buona;Ore Diurne;0;0;0;1;12,32203;41,76901;-1;1;Motociclo a solo;In marcia / fermata / arresto;Conducente;M;Illeso;0;;Non utilizzato;
2659764;18;18/01/2016 22:40;Strada Urbana;VIA ANASTASIO II;da specificare;;;;prossimità fronte Via G. De Vecchi Pieralice;Veicolo in marcia contro ostacolo accidentale;Rettilineo;Due carreggiate;Asciutto;Asfaltata;Verticale ed orizzontale;Sereno;Scarso;Sufficiente;Sufficiente;1;0;0;0;12,44247;41,89998;-1;1;Motociclo a solo;In marcia / fermata / arresto;Conducente;M;Rimandato;0;NON DECEDUTO;;
2659772;4;18/01/2016 08:00;Strada Urbana;VIA SAMBUCA PISTOIESE;in prossimità;;del civico n.;2;;Veicolo in marcia contro ostacolo accidentale;Rettilineo;Una carreggiata a doppio senso;Ghiacciato;Asfaltata;Assente;Sereno;Scarso;Buona;Ore Diurne;1;0;0;0;12,50477;41,97102;-1;1;Motociclo a solo;In marcia / fermata / arresto;Conducente;M;Rifiuta cure immediate;0;NON DECEDUTO;Non accertato;