Protocollo;Gruppo;DataOraIncidente;Localizzazione1;STRADA1;Localizzazione2;STRADA2;Strada02;Chilometrica;DaSpecificare;NaturaIncidente;particolaritastrade;TipoStrada;FondoStradale;Pavimentazione;Segnaletica;CondizioneAtmosferica;Traffico;Visibilita;Illuminazione;NUM_FERITI;NUM_RISERVATA;NUM_MORTI;NUM_ILLESI;Longitudine;Latitudine;Confermato;Progressivo;TipoVeicolo;StatoVeicolo;TipoPersona;Sesso;Tipolesione;Deceduto;DecedutoDopo;CinturaCascoUtilizzato;Airbag
2660679;7;19/01/2016 17:00;Statale entro l'abitato;VIA CASILINA;all'intersezione con;VIA GIOVANNI CAMILLO PERESIO;VIA GIOVANNI CAMILLO PERESIO;;;Scontro laterale fra veicoli in marcia;Incrocio;Una carreggiata a doppio senso;Asciutto;Asfaltata;Verticale ed orizzontale;Nuvoloso;Intenso;Buona;Ore Diurne;1;0;0;2;12,59388;41,86686;-1;1;Autovettura privata;In marcia / fermata / arresto;Passeggero;M;Illeso;0;;Non accertato;Inesploso
2660679;7;19/01/2016 17:00;Statale entro l'abitato;VIA CASILINA;all'intersezione con;VIA GIOVANNI CAMILLO PERESIO;VIA GIOVANNI CAMILLO PERESIO;;;Scontro laterale fra veicoli in marcia;Incrocio;Una carreggiata a doppio senso;Asciutto;Asfaltata;Verticale ed orizzontale;Nuvoloso;Intenso;Buona;Ore Diurne;1;0;0;2;12,59388;41,86686;-1;2;Motociclo a solo;In marcia / fermata / arresto;Conducente;F;Rimandato;0;NON DECEDUTO;Non accertato;
2660690;18;14/01/2016 07:40;Strada Urbana;VIA PASQUALE II;all'intersezione con;VIA DI BOCCEA;VIA DI BOCCEA;;;Scontro laterale fra veicoli in marcia;Intersezione semaforizzata;Due carreggiate;Asciutto;Asfaltata;Verticale ed orizzontale;Sereno;Normale;Buona;Ore Diurne;0;0;0;2;12,40821;41,90694;-1;1;Autovettura privata;In marcia / fermata / arresto;Conducente;F;Illeso;0;;Non accertato;Inesploso
2660690;18;14/01/2016 07:40;Strada Urbana;VIA PASQUALE II;all'intersezione con;VIA DI BOCCEA;VIA DI BOCCEA;;;Scontro laterale fra veicoli in marcia;Intersezione semaforizzata;Due carreggiate;Asciutto;Asfaltata;Verticale ed orizzontale;Sereno;Normale;Buona;Ore Diurne;0;0;0;2;12,40821;41,90694;-1;2;Autovettura privata;In marcia / fermata / arresto;Conducente;F;Illeso;0;;Non accertato;Inesploso
2660697;2;19/01/2016 15:15;Strada Urbana;CORSO TRIESTE;all'intersezione con;PIAZZA TRENTO;PIAZZA TRENTO;;;Scontro laterale fra veicoli in marcia;Incrocio;Due carreggiate;Asciutto;Asfaltata;Verticale ed orizzontale;Sereno;Normale;Buona;Ore Diurne;1;0;0;1;12,50939;41,92047;-1;1;Autovettura privata;In marcia / fermata / arresto;Conducente;M;Illeso;0;;Non accertato;Inesploso
2660697;2;19/01/2016 15:15;Strada Urbana;CORSO TRIESTE;all'intersezione con;PIAZZA TRENTO;PIAZZA TRENTO;;;Scontro laterale fra veicoli in marcia;Incrocio;Due carreggiate;Asciutto;Asfaltata;Verticale ed orizzontale;Sereno;Normale;Buona;Ore Diurne;1;0;0;1;12,50939;41,92047;-1;2;Motociclo a solo;In marcia / fermata / arresto;Conducente;M;Ricoverato;0;NON DECEDUTO;Non accertato;
2660721;2;19/01/2016 16:40;Strada Urbana;VIA DOMENICO CHELINI;in prossimità;;del civico n.;30;;Infortunio per sola frenata improvvisa;Rettilineo;Una carreggiata a doppio senso;Asciutto;Asfaltata;Verticale ed orizzontale;Sereno;Normale;Buona;Ore Diurne;1;0;0;0;12,48197;41,92669;-1;1;Motociclo a solo;In marcia / fermata / arresto;Conducente;M;Rimandato;0;NON DECEDUTO;Non accertato;
2660726;15;19/01/2016 13:00;Strada Urbana;VIA PORTUENSE;all'intersezione semaforizzata con;VIA GAETANO ASTOLFI;VIA GAETANO ASTOLFI;;;Scontro frontale/laterale DX fra veicoli in marcia;Intersezione semaforizzata;Una carreggiata a doppio senso;Asciutto;Asfaltata;Verticale ed orizzontale;Sereno;Normale;Buona;Ore Diurne;0;0;0;2;12,40939;41,84342;-1;1;Motociclo a solo;In marcia / fermata / arresto;Conducente;F;Illeso;0;;;
2660726;15;19/01/2016 13:00;Strada Urbana;VIA PORTUENSE;all'intersezione semaforizzata con;VIA GAETANO ASTOLFI;VIA GAETANO ASTOLFI;;;Scontro frontale/laterale DX fra veicoli in marcia;Intersezione semaforizzata;Una carreggiata a doppio senso;Asciutto;Asfaltata;Verticale ed orizzontale;Sereno;Normale;Buona;Ore Diurne;0;0;0;2;12,40939;41,84342;-1;2;Autovettura privata;In marcia / fermata / arresto;Conducente;M;Illeso;0;;;
2660744;15;19/01/2016 12:30;Strada Urbana;VIA DELLA MAGLIANA;in prossimità;;del civico n.;63/A;;Scontro frontale/laterale DX fra veicoli in marcia;Rettilineo;Una carreggiata a doppio senso;Asciutto;Asfaltata;Orizzontale;Nuvoloso;Scarso;Buona;Ore Diurne;1;0;0;1;12,45954;41,85782;-1;1;Autovettura privata;In marcia / fermata / arresto;Conducente;M;Illeso;0;;Utilizzato;Inesploso
2660744;15;19/01/2016 12:30;Strada Urbana;VIA DELLA MAGLIANA;in prossimità;;del civico n.;63/A;;Scontro frontale/laterale DX fra veicoli in marcia;Rettilineo;Una carreggiata a doppio senso;Asciutto;Asfaltata;Orizzontale;Nuvoloso;Scarso;Buona;Ore Diurne;1;0;0;1;12,45954;41,85782;-1;2;Velocipede;In marcia / fermata / arresto;Conducente;M;Rimandato;0;NON DECEDUTO;Esente;
2660848;15;19/01/2016 12:30;Comunale extraurbana;VIA DELLA MAGLIANA;da specificare;;;;altezza GRA corsia esterna;Scontro laterale fra veicoli in marcia;Curva a visuale libera;Una carreggiata a doppio senso;Asciutto;Asfaltata;Verticale ed orizzontale;Nuvoloso;Normale;Buona;Ore Diurne;2;0;0;0;12,42401;41,83394;-1;1;Autovettura privata;In marcia / fermata / arresto;Conducente;F;Rimandato;0;NON DECEDUTO;;
2660848;15;19/01/2016 12:30;Comunale extraurbana;VIA DELLA MAGLIANA;da specificare;;;;altezza GRA corsia esterna;Scontro laterale fra veicoli in marcia;Curva a visuale libera;Una carreggiata a doppio senso;Asciutto;Asfaltata;Verticale ed orizzontale;Nuvoloso;Normale;Buona;Ore Diurne;2;0;0;0;12,42401;41,83394;-1;2;Autovettura privata;In marcia / fermata / arresto;Conducente;F;Rimandato;0;NON DECEDUTO;;
2661010;7;19/01/2016 14:55;Statale entro l'abitato;VIA CASILINA;all'intersezione con;VIA CARLO DE' MARCHESETTI;VIA CARLO DE' MARCHESETTI;;;Scontro laterale fra veicoli in marcia;Intersezione semaforizzata;Una carreggiata a doppio senso;Asciutto;Asfaltata;Verticale ed orizzontale;Nuvoloso;Intenso;Buona;Ore Diurne;2;0;0;0;12,58444;41,86935;-1;1;Autovettura privata;In marcia / fermata / arresto;Conducente;F;Rimandato;0;NON DECEDUTO;Non accertato;Inesploso
2661010;7;19/01/2016 14:55;Statale entro l'abitato;VIA CASILINA;all'intersezione con;VIA CARLO DE' MARCHESETTI;VIA CARLO DE' MARCHESETTI;;;Scontro laterale fra veicoli in marcia;Intersezione semaforizzata;Una carreggiata a doppio senso;Asciutto;Asfaltata;Verticale ed orizzontale;Nuvoloso;Intenso;Buona;Ore Diurne;2;0;0;0;12,58444;41,86935;-1;2;Motociclo a solo;In marcia / fermata / arresto;Conducente;M;Ricoverato;0;NON DECEDUTO;Non accertato;
2661034;17;19/01/2016 07:20;Strada Urbana;VIALE DELLE MILIZIE;all'intersezione semaforizzata con;VIA BARLETTA;VIA BARLETTA;;;Scontro laterale fra veicoli in marcia;Intersezione semaforizzata;Più di due carreggiate;Asciutto;Asfaltata;Verticale ed orizzontale;Sereno;Normale;Buona;Ore Diurne;0;0;0;2;12,45812;41,91109;-1;1;Autovettura privata;In marcia / fermata / arresto;Conducente;M;Illeso;0;;Non accertato;Inesploso
2661034;17;19/01/2016 07:20;Strada Urbana;VIALE DELLE MILIZIE;all'intersezione semaforizzata con;VIA BARLETTA;VIA BARLETTA;;;Scontro laterale fra veicoli in marcia;Intersezione semaforizzata;Più di due carreggiate;Asciutto;Asfaltata;Verticale ed orizzontale;Sereno;Normale;Buona;Ore Diurne;0;0;0;2;12,45812;41,91109;-1;2;Vettura tranviaria;In marcia / fermata / arresto;Conducente;M;Illeso;0;;Esente;
2661064;17;19/01/2016 15:19;Strada Urbana;VIA LUIGI SETTEMBRINI;in corrispondenza;;del civico n.;31;;Veicolo in marcia contro veicolo in sosta;Rettilineo;Due carreggiate;Asciutto;Asfaltata;Verticale ed orizzontale;Sereno;Normale;Buona;Ore Diurne;0;0;0;1;12,46567;41,9152;-1;2;Autovettura privata;In marcia / fermata / arresto;Conducente;M;Illeso;0;;Non accertato;Inesploso
2661074;7;19/01/2016 23:50;Strada Urbana;VIALE PALMIRO TOGLIATTI;da specificare;;;;all'altezza di via delle Robinie;Scontro laterale fra veicoli in marcia;Rettilineo;Due carreggiate;Asciutto;Asfaltata;Verticale ed orizzontale;Nuvoloso;Normale;Sufficiente;Sufficiente;0;0;0;2;12,57325;41,8819;-1;1;Autovettura privata;In marcia / fermata / arresto;Conducente;M;Illeso;0;;Non accertato;Inesploso
2661074;7;19/01/2016 23:50;Strada Urbana;VIALE PALMIRO TOGLIATTI;da specificare;;;;all'altezza di via delle Robinie;Scontro laterale fra veicoli in marcia;Rettilineo;Due carreggiate;Asciutto;Asfaltata;Verticale ed orizzontale;Nuvoloso;Normale;Sufficiente;Sufficiente;0;0;0;2;12,57325;41,8819;-1;2;Autovettura privata;In marcia / fermata / arresto;Conducente;M;Illeso;0;;Non accertato;Inesploso
2661114;17;19/01/2016 15:20;Strada Urbana;VIA LUIGI SETTEMBRINI;all'intersezione semaforizzata con;PIAZZA DEI MARTIRI DI BELFIORE;PIAZZA DEI MARTIRI DI BELFIORE;;;Tamponamento;Incrocio;Due carreggiate;Asciutto;Asfaltata;Verticale ed orizzontale;Sereno;Intenso;Buona;Ore Diurne;0;0;0;1;12,46689;41,91487;-1;1;Autovettura privata;In marcia / fermata / arresto;Conducente;F;Illeso;0;;Non accertato;Inesploso
2661122;17;19/01/2016 17:50;Strada Urbana;VIA GIOVANNI NICOTERA;all'intersezione con;VIA CIRO MENOTTI;VIA CIRO MENOTTI;;;Scontro laterale fra veicoli in marcia;Incrocio;Una carreggiata a senso unico di marcia;Asciutto;Asfaltata;Verticale ed orizzontale;Nuvoloso;Scarso;Buona;Sufficiente;0;0;0;3;12,46845;41,91546;-1;1;Autovettura privata;In marcia / fermata / arresto;Conducente;M;Illeso;0;;Non accertato;Inesploso
2661122;17;19/01/2016 17:50;Strada Urbana;VIA GIOVANNI NICOTERA;all'intersezione con;VIA CIRO MENOTTI;VIA CIRO MENOTTI;;;Scontro laterale fra veicoli in marcia;Incrocio;Una carreggiata a senso unico di marcia;Asciutto;Asfaltata;Verticale ed orizzontale;Nuvoloso;Scarso;Buona;Sufficiente;0;0;0;3;12,46845;41,91546;-1;1;Autovettura privata;In marcia / fermata / arresto;Passeggero;F;Illeso;0;;Non accertato;Inesistente
2661122;17;19/01/2016 17:50;Strada Urbana;VIA GIOVANNI NICOTERA;all'intersezione con;VIA CIRO MENOTTI;VIA CIRO MENOTTI;;;Scontro laterale fra veicoli in marcia;Incrocio;Una carreggiata a senso unico di marcia;Asciutto;Asfaltata;Verticale ed orizzontale;Nuvoloso;Scarso;Buona;Sufficiente;0;0;0;3;12,46845;41,91546;-1;2;Autovettura privata;In marcia / fermata / arresto;Conducente;F;Illeso;0;;Non accertato;Inesploso
2661144;17;19/01/2016 22:50;Strada Urbana;LUNGOTEVERE MARESCIALLO CADORNA;da specificare;;;;all'altezza di Via Morra di Lavriano;Scontro laterale fra veicoli in marcia;Rettilineo;Una carreggiata a senso unico di marcia;Asciutto;Asfaltata;Verticale ed orizzontale;Sereno;Scarso;Buona;Sufficiente;1;0;0;4;12,45811;41,92785;-1;1;Autovettura privata;In marcia / fermata / arresto;Conducente;M;Illeso;0;;;
2661144;17;19/01/2016 22:50;Strada Urbana;LUNGOTEVERE MARESCIALLO CADORNA;da specificare;;;;all'altezza di Via Morra di Lavriano;Scontro laterale fra veicoli in marcia;Rettilineo;Una carreggiata a senso unico di marcia;Asciutto;Asfaltata;Verticale ed orizzontale;Sereno;Scarso;Buona;Sufficiente;1;0;0;4;12,45811;41,92785;-1;1;Autovettura privata;In marcia / fermata / arresto;Passeggero;F;Illeso;0;;;
2661144;17;19/01/2016 22:50;Strada Urbana;LUNGOTEVERE MARESCIALLO CADORNA;da specificare;;;;all'altezza di Via Morra di Lavriano;Scontro laterale fra veicoli in marcia;Rettilineo;Una carreggiata a senso unico di marcia;Asciutto;Asfaltata;Verticale ed orizzontale;Sereno;Scarso;Buona;Sufficiente;1;0;0;4;12,45811;41,92785;-1;1;Autovettura privata;In marcia / fermata / arresto;Passeggero;F;Illeso;0;;;
2661144;17;19/01/2016 22:50;Strada Urbana;LUNGOTEVERE MARESCIALLO CADORNA;da specificare;;;;all'altezza di Via Morra di Lavriano;Scontro laterale fra veicoli in marcia;Rettilineo;Una carreggiata a senso unico di marcia;Asciutto;Asfaltata;Verticale ed orizzontale;Sereno;Scarso;Buona;Sufficiente;1;0;0;4;12,45811;41,92785;-1;1;Autovettura privata;In marcia / fermata / arresto;Passeggero;M;Illeso;0;;;
2661144;17;19/01/2016 22:50;Strada Urbana;LUNGOTEVERE MARESCIALLO CADORNA;da specificare;;;;all'altezza di Via Morra di Lavriano;Scontro laterale fra veicoli in marcia;Rettilineo;Una carreggiata a senso unico di marcia;Asciutto;Asfaltata;Verticale ed orizzontale;Sereno;Scarso;Buona;Sufficiente;1;0;0;4;12,45811;41,92785;-1;2;Motociclo a solo;In marcia / fermata / arresto;Conducente;M;Rimandato;0;NON DECEDUTO;;
2661154;20;19/01/2016 10:25;Strada Urbana;VIA FLAMINIA;in prossimità;;del civico n.;796;;Scontro frontale/laterale DX fra veicoli in marcia;Rettilineo;Una carreggiata a doppio senso;Asciutto;Asfaltata;Verticale ed orizzontale;Sereno;Normale;Buona;Ore Diurne;1;0;0;1;12,48486;41,95233;-1;1;Autovettura privata;In marcia / fermata / arresto;Conducente;F;Illeso;0;;;
2661154;20;19/01/2016 10:25;Strada Urbana;VIA FLAMINIA;in prossimità;;del civico n.;796;;Scontro frontale/laterale DX fra veicoli in marcia;Rettilineo;Una carreggiata a doppio senso;Asciutto;Asfaltata;Verticale ed orizzontale;Sereno;Normale;Buona;Ore Diurne;1;0;0;1;12,48486;41,95233;-1;2;Autovettura privata;In marcia / fermata / arresto;Conducente;M;Rifiuta cure immediate;0;NON DECEDUTO;;
2661193;8;19/01/2016 06:45;Strada Urbana;VIA PRENESTINA;in prossimità;;della chilometrica;0.15;;Scontro laterale fra veicoli in marcia;Rettilineo;Una carreggiata a doppio senso;Asciutto;Asfaltata;Verticale ed orizzontale;Sereno;Normale;Buona;Ore Diurne;0;0;0;2;12,6069;41,89378;-1;1;Autovettura privata;In marcia / fermata / arresto;Conducente;M;Illeso;0;;Non accertato;Inesploso
2661193;8;19/01/2016 06:45;Strada Urbana;VIA PRENESTINA;in prossimità;;della chilometrica;0.15;;Scontro laterale fra veicoli in marcia;Rettilineo;Una carreggiata a doppio senso;Asciutto;Asfaltata;Verticale ed orizzontale;Sereno;Normale;Buona;Ore Diurne;0;0;0;2;12,6069;41,89378;-1;2;Autovettura privata;In marcia / fermata / arresto;Conducente;M;Illeso;0;;Non accertato;Inesploso
2661194;8;19/01/2016 13:00;Strada Urbana;VIALE DELLA SORBONA;in corrispondenza;;del palo luce n.;68;;Tamponamento;Rettilineo;Due carreggiate;Asciutto;Asfaltata;Orizzontale;Sereno;Normale;Buona;Ore Diurne;3;0;0;1;12,61206;41,85464;-1;1;Autovettura privata;In marcia / fermata / arresto;Conducente;M;Rifiuta cure immediate;0;NON DECEDUTO;Non accertato;
2661194;8;19/01/2016 13:00;Strada Urbana;VIALE DELLA SORBONA;in corrispondenza;;del palo luce n.;68;;Tamponamento;Rettilineo;Due carreggiate;Asciutto;Asfaltata;Orizzontale;Sereno;Normale;Buona;Ore Diurne;3;0;0;1;12,61206;41,85464;-1;1;Autovettura privata;In marcia / fermata / arresto;Passeggero;M;Illeso;0;;Non accertato;
2661194;8;19/01/2016 13:00;Strada Urbana;VIALE DELLA SORBONA;in corrispondenza;;del palo luce n.;68;;Tamponamento;Rettilineo;Due carreggiate;Asciutto;Asfaltata;Orizzontale;Sereno;Normale;Buona;Ore Diurne;3;0;0;1;12,61206;41,85464;-1;2;Autovettura privata;In marcia / fermata / arresto;Conducente;M;Rimandato;0;NON DECEDUTO;;
2661194;8;19/01/2016 13:00;Strada Urbana;VIALE DELLA SORBONA;in corrispondenza;;del palo luce n.;68;;Tamponamento;Rettilineo;Due carreggiate;Asciutto;Asfaltata;Orizzontale;Sereno;Normale;Buona;Ore Diurne;3;0;0;1;12,61206;41,85464;-1;2;Autovettura privata;In marcia / fermata / arresto;Passeggero;M;Rimandato;0;NON DECEDUTO;Non accertato;
2661198;8;19/01/2016 16:20;Strada Urbana;VIA CARPINONE;all'intersezione con;VIA CERRO AL VOLTURNO;VIA CERRO AL VOLTURNO;;;Scontro frontale/laterale SX fra veicoli in marcia;Incrocio;Una carreggiata a doppio senso;Asciutto;Asfaltata;Verticale;Sereno;Normale;Buona;Ore Diurne;0;0;0;2;12,6729;41,91769;-1;1;Autovettura privata;In marcia / fermata / arresto;Conducente;M;Illeso;0;;Non accertato;Inesploso
2661198;8;19/01/2016 16:20;Strada Urbana;VIA CARPINONE;all'intersezione con;VIA CERRO AL VOLTURNO;VIA CERRO AL VOLTURNO;;;Scontro frontale/laterale SX fra veicoli in marcia;Incrocio;Una carreggiata a doppio senso;Asciutto;Asfaltata;Verticale;Sereno;Normale;Buona;Ore Diurne;0;0;0;2;12,6729;41,91769;-1;2;Motociclo a solo;Allontanatosi;Conducente;M;Illeso;0;;Non accertato;
2661205;20;19/01/2016 14:00;Strada Urbana;VIA ISCHIA DI CASTRO;da specificare;;;;pross. Palestra Juvenia;Scontro laterale fra veicoli in marcia;Rettilineo;Una carreggiata a doppio senso;Asciutto;Asfaltata;Verticale ed orizzontale;Sereno;Normale;Buona;Ore Diurne;0;0;0;2;12,45076;41,96849;-1;1;Autobus di linea;In marcia / fermata / arresto;Conducente;M;Illeso;0;;;
2661205;20;19/01/2016 14:00;Strada Urbana;VIA ISCHIA DI CASTRO;da specificare;;;;pross. Palestra Juvenia;Scontro laterale fra veicoli in marcia;Rettilineo;Una carreggiata a doppio senso;Asciutto;Asfaltata;Verticale ed orizzontale;Sereno;Normale;Buona;Ore Diurne;0;0;0;2;12,45076;41,96849;-1;2;Autocarro inferiore 35 q.;In marcia / fermata / arresto;Conducente;M;Illeso;0;;;
2661214;9;19/01/2016 18:40;Strada Urbana;VIA LATINA;all'intersezione con;VIA CARLO CIPOLLA;VIA CARLO CIPOLLA;;;Scontro frontale fra veicoli in marcia;Incrocio;Una carreggiata a doppio senso;Asciutto;Asfaltata;Verticale ed orizzontale;Sereno;Normale;Buona;Sufficiente;1;0;0;1;12,52963;41,86614;-1;1;Autovettura privata;In marcia / fermata / arresto;Conducente;M;Illeso;0;;Utilizzato;Inesploso
2661214;9;19/01/2016 18:40;Strada Urbana;VIA LATINA;all'intersezione con;VIA CARLO CIPOLLA;VIA CARLO CIPOLLA;;;Scontro frontale fra veicoli in marcia;Incrocio;Una carreggiata a doppio senso;Asciutto;Asfaltata;Verticale ed orizzontale;Sereno;Normale;Buona;Sufficiente;1;0;0;1;12,52963;41,86614;-1;2;Motociclo a solo;In marcia / fermata / arresto;Conducente;M;Rimandato;0;NON DECEDUTO;;
2661218;8;19/01/2016 16:55;Statale entro l'abitato;VIA CASILINA;all'intersezione semaforizzata con;VIA DELLE RONDINI;VIA DELLE RONDINI;;;Scontro laterale fra veicoli in marcia;Intersezione semaforizzata;Una carreggiata a doppio senso;Asciutto;Asfaltata;Verticale ed orizzontale;Sereno;Normale;Sufficiente;Sufficiente;0;0;0;2;12,59265;41,86714;-1;1;Autovettura privata;In marcia / fermata / arresto;Conducente;M;Illeso;0;;Non accertato;Inesploso
2661218;8;19/01/2016 16:55;Statale entro l'abitato;VIA CASILINA;all'intersezione semaforizzata con;VIA DELLE RONDINI;VIA DELLE RONDINI;;;Scontro laterale fra veicoli in marcia;Intersezione semaforizzata;Una carreggiata a doppio senso;Asciutto;Asfaltata;Verticale ed orizzontale;Sereno;Normale;Sufficiente;Sufficiente;0;0;0;2;12,59265;41,86714;-1;2;Autovettura privata;In marcia / fermata / arresto;Conducente;M;Illeso;0;;Non accertato;Inesploso
2661220;8;19/01/2016 20:00;Statale entro l'abitato;VIA CASILINA;in prossimità;;del civico n.;1750;;Tamponamento Multiplo;Rettilineo;Una carreggiata a doppio senso;Asciutto;Asfaltata;Verticale ed orizzontale;Sereno;Normale;Sufficiente;Sufficiente;1;0;0;3;12,67898;41,86317;-1;1;Autovettura privata;In marcia / fermata / arresto;Conducente;M;Illeso;0;;Non accertato;Inesistente
2661220;8;19/01/2016 20:00;Statale entro l'abitato;VIA CASILINA;in prossimità;;del civico n.;1750;;Tamponamento Multiplo;Rettilineo;Una carreggiata a doppio senso;Asciutto;Asfaltata;Verticale ed orizzontale;Sereno;Normale;Sufficiente;Sufficiente;1;0;0;3;12,67898;41,86317;-1;1;Autovettura privata;In marcia / fermata / arresto;Passeggero;F;Illeso;0;;Non accertato;Inesploso
2661220;8;19/01/2016 20:00;Statale entro l'abitato;VIA CASILINA;in prossimità;;del civico n.;1750;;Tamponamento Multiplo;Rettilineo;Una carreggiata a doppio senso;Asciutto;Asfaltata;Verticale ed orizzontale;Sereno;Normale;Sufficiente;Sufficiente;1;0;0;3;12,67898;41,86317;-1;2;Autovettura privata;In marcia / fermata / arresto;Conducente;F;Rifiuta cure immediate;0;NON DECEDUTO;Non accertato;Inesploso
2661220;8;19/01/2016 20:00;Statale entro l'abitato;VIA CASILINA;in prossimità;;del civico n.;1750;;Tamponamento Multiplo;Rettilineo;Una carreggiata a doppio senso;Asciutto;Asfaltata;Verticale ed orizzontale;Sereno;Normale;Sufficiente;Sufficiente;1;0;0;3;12,67898;41,86317;-1;3;Autovettura privata;In marcia / fermata / arresto;Conducente;M;Illeso;0;;Non accertato;Inesploso
2661221;8;20/01/2016 01:50;Strada Urbana;CIRCONVALLAZIONE APPIA;all'intersezione semaforizzata con;VIA ANNIA REGILLA;VIA ANNIA REGILLA;;;Tamponamento;Intersezione semaforizzata;Due carreggiate;Asciutto;Asfaltata;Verticale ed orizzontale;Sereno;Normale;Buona;Ore Diurne;0;0;0;2;12,55139;41,844;-1;1;Autovettura privata;In marcia / fermata / arresto;Conducente;M;Illeso;0;;Non accertato;Inesploso
2661221;8;20/01/2016 01:50;Strada Urbana;CIRCONVALLAZIONE APPIA;all'intersezione semaforizzata con;VIA ANNIA REGILLA;VIA ANNIA REGILLA;;;Tamponamento;Intersezione semaforizzata;Due carreggiate;Asciutto;Asfaltata;Verticale ed orizzontale;Sereno;Normale;Buona;Ore Diurne;0;0;0;2;12,55139;41,844;-1;2;Autobus di linea;In marcia / fermata / arresto;Conducente;M;Illeso;0;;Non accertato;Inesistente
2661225;20;19/01/2016 16:00;Strada Urbana;VIA CASSIA;all'intersezione con;VIA VALLE DELLA STORTA;VIA VALLE DELLA STORTA;;;Scontro frontale/laterale DX fra veicoli in marcia;Intersezione stradale segnalata;Due carreggiate;Asciutto;Asfaltata;Verticale ed orizzontale;Sereno;Normale;Buona;Ore Diurne;0;0;0;3;12,37857;42,0099;-1;1;Autovettura privata;In marcia / fermata / arresto;Conducente;M;Illeso;0;;;
2661225;20;19/01/2016 16:00;Strada Urbana;VIA CASSIA;all'intersezione con;VIA VALLE DELLA STORTA;VIA VALLE DELLA STORTA;;;Scontro frontale/laterale DX fra veicoli in marcia;Intersezione stradale segnalata;Due carreggiate;Asciutto;Asfaltata;Verticale ed orizzontale;Sereno;Normale;Buona;Ore Diurne;0;0;0;3;12,37857;42,0099;-1;2;Autovettura privata;In marcia / fermata / arresto;Conducente;M;Illeso;0;;;
2661225;20;19/01/2016 16:00;Strada Urbana;VIA CASSIA;all'intersezione con;VIA VALLE DELLA STORTA;VIA VALLE DELLA STORTA;;;Scontro frontale/laterale DX fra veicoli in marcia;Intersezione stradale segnalata;Due carreggiate;Asciutto;Asfaltata;Verticale ed orizzontale;Sereno;Normale;Buona;Ore Diurne;0;0;0;3;12,37857;42,0099;-1;3;Autovettura privata;In marcia / fermata / arresto;Conducente;M;Illeso;0;;;
2661233;23;18/01/2016 14:50;Strada Urbana;VIALE MANLIO GELSOMINI;in prossimità;;del civico n.;24;;Investimento di pedone;Rettilineo;Una carreggiata a doppio senso;Asciutto;Asfaltata;Verticale ed orizzontale;Sereno;Normale;Buona;Ore Diurne;1;0;0;2;12,48041;41,8792;-1;;;;Pedone;F;Rimandato;0;NON DECEDUTO;;
2661233;23;18/01/2016 14:50;Strada Urbana;VIALE MANLIO GELSOMINI;in prossimità;;del civico n.;24;;Investimento di pedone;Rettilineo;Una carreggiata a doppio senso;Asciutto;Asfaltata;Verticale ed orizzontale;Sereno;Normale;Buona;Ore Diurne;1;0;0;2;12,48041;41,8792;-1;1;Motociclo a solo;In marcia / fermata / arresto;Conducente;M;Illeso;0;;Utilizzato;
2661233;23;18/01/2016 14:50;Strada Urbana;VIALE MANLIO GELSOMINI;in prossimità;;del civico n.;24;;Investimento di pedone;Rettilineo;Una carreggiata a doppio senso;Asciutto;Asfaltata;Verticale ed orizzontale;Sereno;Normale;Buona;Ore Diurne;1;0;0;2;12,48041;41,8792;-1;2;Motociclo a solo;In marcia / fermata / arresto;Conducente;M;Illeso;0;;Utilizzato;
2661248;6;20/01/2016 09:30;Strada Urbana;VIA GABRIO SERBELLONI;in corrispondenza;;del civico n.;2;;Veicolo in marcia contro veicoli in sosta;Rettilineo;Una carreggiata a senso unico di marcia;Asciutto;Asfaltata;Orizzontale;Sereno;Normale;Buona;Ore Diurne;0;0;0;1;12,54128;41,88042;-1;1;Autovettura privata;In marcia / fermata / arresto;Conducente;M;Illeso;0;;Non accertato;Inesploso
2661263;11;19/01/2016 12:00;Strada Urbana;VIA DI TOR CARBONE;in corrispondenza;;del civico n.;203;;Veicolo in marcia contro ostacolo fisso;Rettilineo;Una carreggiata a doppio senso;Asciutto;Asfaltata;Verticale ed orizzontale;Sereno;Normale;Buona;Ore Diurne;0;0;0;2;12,52032;41,82698;-1;1;Autovettura privata;In marcia / fermata / arresto;Conducente;F;Illeso;0;;Non accertato;
2661263;11;19/01/2016 12:00;Strada Urbana;VIA DI TOR CARBONE;in corrispondenza;;del civico n.;203;;Veicolo in marcia contro ostacolo fisso;Rettilineo;Una carreggiata a doppio senso;Asciutto;Asfaltata;Verticale ed orizzontale;Sereno;Normale;Buona;Ore Diurne;0;0;0;2;12,52032;41,82698;-1;1;Autovettura privata;In marcia / fermata / arresto;Passeggero;F;Illeso;0;;;