Protocollo;Gruppo;DataOraIncidente;Localizzazione1;STRADA1;Localizzazione2;STRADA2;Strada02;Chilometrica;DaSpecificare;NaturaIncidente;particolaritastrade;TipoStrada;FondoStradale;Pavimentazione;Segnaletica;CondizioneAtmosferica;Traffico;Visibilita;Illuminazione;NUM_FERITI;NUM_RISERVATA;NUM_MORTI;NUM_ILLESI;Longitudine;Latitudine;Confermato;Progressivo;TipoVeicolo;StatoVeicolo;TipoPersona;Sesso;Tipolesione;Deceduto;DecedutoDopo;CinturaCascoUtilizzato;Airbag
2663223;18;21/01/2016 12:00;Strada Urbana;VIA DI BOCCEA;da specificare;;;;in prossimità via Pasquale II;Tamponamento;Rettilineo;Una carreggiata a senso unico di marcia;Asciutto;Asfaltata;Verticale ed orizzontale;Sereno;Normale;Buona;Ore Diurne;0;0;0;3;12,39188;41,91186;-1;2;Autovettura privata;In marcia / fermata / arresto;Conducente;F;Illeso;0;;Non accertato;Inesploso
2663223;18;21/01/2016 12:00;Strada Urbana;VIA DI BOCCEA;da specificare;;;;in prossimità via Pasquale II;Tamponamento;Rettilineo;Una carreggiata a senso unico di marcia;Asciutto;Asfaltata;Verticale ed orizzontale;Sereno;Normale;Buona;Ore Diurne;0;0;0;3;12,39188;41,91186;-1;2;Autovettura privata;In marcia / fermata / arresto;Passeggero;F;Illeso;0;;Non accertato;Inesploso
2663227;16;20/01/2016 20:00;Strada Urbana;VIA GIUSEPPE BALZARETTO;in corrispondenza;;del civico n.;20;;Veicolo in marcia contro veicolo in sosta;Rettilineo;Una carreggiata a doppio senso;Bagnato (pioggia);Asfaltata;Verticale;Pioggia in atto;Scarso;Sufficiente;Sufficiente;1;0;0;0;12,40614;41,87394;-1;1;Motociclo a solo;In marcia / fermata / arresto;Conducente;M;Rimandato;0;NON DECEDUTO;Non accertato;
2663258;6;21/01/2016 07:50;Strada Urbana;VIALE DELLA SERENISSIMA;in corrispondenza;;del civico n.;131;;Tamponamento Multiplo;Rettilineo;Due carreggiate;Bagnato (pioggia);Asfaltata;Verticale ed orizzontale;Sereno;Intenso;Buona;Ore Diurne;2;0;0;2;12,5584;41,89766;-1;1;Autovettura privata;In marcia / fermata / arresto;Conducente;M;Illeso;0;;Utilizzato;Inesploso
2663258;6;21/01/2016 07:50;Strada Urbana;VIALE DELLA SERENISSIMA;in corrispondenza;;del civico n.;131;;Tamponamento Multiplo;Rettilineo;Due carreggiate;Bagnato (pioggia);Asfaltata;Verticale ed orizzontale;Sereno;Intenso;Buona;Ore Diurne;2;0;0;2;12,5584;41,89766;-1;1;Autovettura privata;In marcia / fermata / arresto;Passeggero;F;Illeso;0;;Utilizzato;Inesploso
2663258;6;21/01/2016 07:50;Strada Urbana;VIALE DELLA SERENISSIMA;in corrispondenza;;del civico n.;131;;Tamponamento Multiplo;Rettilineo;Due carreggiate;Bagnato (pioggia);Asfaltata;Verticale ed orizzontale;Sereno;Intenso;Buona;Ore Diurne;2;0;0;2;12,5584;41,89766;-1;2;Autovettura di polizia;In marcia / fermata / arresto;Conducente;M;Rifiuta cure immediate;0;NON DECEDUTO;;
2663258;6;21/01/2016 07:50;Strada Urbana;VIALE DELLA SERENISSIMA;in corrispondenza;;del civico n.;131;;Tamponamento Multiplo;Rettilineo;Due carreggiate;Bagnato (pioggia);Asfaltata;Verticale ed orizzontale;Sereno;Intenso;Buona;Ore Diurne;2;0;0;2;12,5584;41,89766;-1;3;Autovettura privata;In marcia / fermata / arresto;Conducente;M;Rimandato;0;NON DECEDUTO;;Esploso
2663273;16;20/01/2016 17:20;Strada Urbana;VIA GIACINTO CARINI;in prossimità;;del civico n.;10;;Scontro laterale fra veicoli in marcia;Rettilineo;Una carreggiata a senso unico di marcia;Asciutto;Asfaltata;Verticale ed orizzontale;Nuvoloso;Normale;Buona;Sufficiente;0;0;0;3;12,46061;41,88741;-1;1;Autovettura privata;In marcia / fermata / arresto;Conducente;F;Illeso;0;;Non accertato;Inesistente
2663273;16;20/01/2016 17:20;Strada Urbana;VIA GIACINTO CARINI;in prossimità;;del civico n.;10;;Scontro laterale fra veicoli in marcia;Rettilineo;Una carreggiata a senso unico di marcia;Asciutto;Asfaltata;Verticale ed orizzontale;Nuvoloso;Normale;Buona;Sufficiente;0;0;0;3;12,46061;41,88741;-1;2;Autovettura privata;In marcia / fermata / arresto;Conducente;M;Illeso;0;;Non accertato;Esploso
2663273;16;20/01/2016 17:20;Strada Urbana;VIA GIACINTO CARINI;in prossimità;;del civico n.;10;;Scontro laterale fra veicoli in marcia;Rettilineo;Una carreggiata a senso unico di marcia;Asciutto;Asfaltata;Verticale ed orizzontale;Nuvoloso;Normale;Buona;Sufficiente;0;0;0;3;12,46061;41,88741;-1;3;Autovettura privata;In marcia / fermata / arresto;Conducente;M;Illeso;0;;Non accertato;Inesploso
2663276;16;20/01/2016 22:15;Strada Urbana;VIALE DEI COLLI PORTUENSI;in corrispondenza;;del civico n.;391;;Veicolo in marcia contro veicolo in sosta;Rettilineo;Due carreggiate;Bagnato (pioggia);Asfaltata;Verticale;Pioggia in atto;Scarso;Sufficiente;Sufficiente;0;0;0;1;12,44397;41,8651;-1;1;Autovettura privata;In marcia / fermata / arresto;Conducente;M;Illeso;0;;Non accertato;
2663288;18;20/01/2016 07:20;Strada Urbana;CIRCONVALLAZIONE AURELIA;all'intersezione semaforizzata con;PIAZZA DI VILLA CARPEGNA;PIAZZA DI VILLA CARPEGNA;;;Veicolo in marcia contro veicolo arresto;Intersezione semaforizzata;Più di due carreggiate;Asciutto;Asfaltata;Verticale ed orizzontale;Sereno;Intenso;Buona;Ore Diurne;1;0;0;0;12,42886;41,89591;-1;1;Autovettura privata;In marcia / fermata / arresto;Conducente;M;Rimandato;0;NON DECEDUTO;Non accertato;Inesploso
2663355;6;21/01/2016 11:52;Strada Urbana;VIALE GIOVANNI BATTISTA VALENTE;in corrispondenza;;del civico n.;33;;Scontro frontale/laterale DX fra veicoli in marcia;Rettilineo;Una carreggiata a doppio senso;Asciutto;Asfaltata;Verticale ed orizzontale;Sereno;Normale;Buona;Ore Diurne;1;0;0;1;12,56652;41,89615;-1;1;Autovettura privata;In marcia / fermata / arresto;Conducente;M;Illeso;0;;;
2663355;6;21/01/2016 11:52;Strada Urbana;VIALE GIOVANNI BATTISTA VALENTE;in corrispondenza;;del civico n.;33;;Scontro frontale/laterale DX fra veicoli in marcia;Rettilineo;Una carreggiata a doppio senso;Asciutto;Asfaltata;Verticale ed orizzontale;Sereno;Normale;Buona;Ore Diurne;1;0;0;1;12,56652;41,89615;-1;2;Motociclo a solo;In marcia / fermata / arresto;Conducente;M;Rimandato;0;NON DECEDUTO;;
2663427;1;21/01/2016 10:10;Strada Urbana;VIA MECENATE;in corrispondenza;;del civico n.;https://gestincweb.polmunicipale.roma/Verbatel/Common/Img/geo.gif18;;Scontro laterale fra veicoli in marcia;Rettilineo;Una carreggiata a senso unico di marcia;Asciutto;Asfaltata;Verticale ed orizzontale;Sereno;Normale;Buona;Ore Diurne;0;0;0;2;12,49935;41,89186;-1;1;Autovettura privata;In marcia / fermata / arresto;Conducente;M;Illeso;0;;Non accertato;
2663427;1;21/01/2016 10:10;Strada Urbana;VIA MECENATE;in corrispondenza;;del civico n.;https://gestincweb.polmunicipale.roma/Verbatel/Common/Img/geo.gif18;;Scontro laterale fra veicoli in marcia;Rettilineo;Una carreggiata a senso unico di marcia;Asciutto;Asfaltata;Verticale ed orizzontale;Sereno;Normale;Buona;Ore Diurne;0;0;0;2;12,49935;41,89186;-1;2;Autovettura privata;In marcia / fermata / arresto;Conducente;M;Illeso;0;;Non accertato;
2663488;10;21/01/2016 14:25;Statale entro l'abitato;VIA TUSCOLANA;da specificare;;;;direzione Roma prossimità via Delitala;Scontro laterale fra veicoli in marcia;Rettilineo;Una carreggiata a senso unico di marcia;Asciutto;Asfaltata;Verticale;Sereno;Normale;Buona;Ore Diurne;0;0;0;3;12,5887;41,84034;-1;1;Autovettura privata;In marcia / fermata / arresto;Conducente;M;Illeso;0;;Non accertato;Inesploso
2663488;10;21/01/2016 14:25;Statale entro l'abitato;VIA TUSCOLANA;da specificare;;;;direzione Roma prossimità via Delitala;Scontro laterale fra veicoli in marcia;Rettilineo;Una carreggiata a senso unico di marcia;Asciutto;Asfaltata;Verticale;Sereno;Normale;Buona;Ore Diurne;0;0;0;3;12,5887;41,84034;-1;1;Autovettura privata;In marcia / fermata / arresto;Passeggero;M;Illeso;0;;Non accertato;Inesploso
2663488;10;21/01/2016 14:25;Statale entro l'abitato;VIA TUSCOLANA;da specificare;;;;direzione Roma prossimità via Delitala;Scontro laterale fra veicoli in marcia;Rettilineo;Una carreggiata a senso unico di marcia;Asciutto;Asfaltata;Verticale;Sereno;Normale;Buona;Ore Diurne;0;0;0;3;12,5887;41,84034;-1;2;Autovettura privata;In marcia / fermata / arresto;Conducente;F;Illeso;0;;Non accertato;Inesploso
2663495;1;20/01/2016 23:45;Strada Urbana;VIA DEL TEATRO DI MARCELLO;in prossimità;;del civico n.;42;;Tamponamento;Curva a visuale libera;Una carreggiata a doppio senso;Bagnato (pioggia);Asfaltata;Verticale ed orizzontale;Pioggia in atto;Scarso;Sufficiente;Sufficiente;0;0;0;4;12,48112;41,89304;-1;1;Motociclo con passeggero;In marcia / fermata / arresto;Conducente;M;Illeso;0;;Non accertato;
2663495;1;20/01/2016 23:45;Strada Urbana;VIA DEL TEATRO DI MARCELLO;in prossimità;;del civico n.;42;;Tamponamento;Curva a visuale libera;Una carreggiata a doppio senso;Bagnato (pioggia);Asfaltata;Verticale ed orizzontale;Pioggia in atto;Scarso;Sufficiente;Sufficiente;0;0;0;4;12,48112;41,89304;-1;1;Motociclo con passeggero;In marcia / fermata / arresto;Passeggero;M;Illeso;0;;Non accertato;
2663495;1;20/01/2016 23:45;Strada Urbana;VIA DEL TEATRO DI MARCELLO;in prossimità;;del civico n.;42;;Tamponamento;Curva a visuale libera;Una carreggiata a doppio senso;Bagnato (pioggia);Asfaltata;Verticale ed orizzontale;Pioggia in atto;Scarso;Sufficiente;Sufficiente;0;0;0;4;12,48112;41,89304;-1;2;Autovettura di polizia;In marcia / fermata / arresto;Conducente;M;Illeso;0;;Non accertato;
2663495;1;20/01/2016 23:45;Strada Urbana;VIA DEL TEATRO DI MARCELLO;in prossimità;;del civico n.;42;;Tamponamento;Curva a visuale libera;Una carreggiata a doppio senso;Bagnato (pioggia);Asfaltata;Verticale ed orizzontale;Pioggia in atto;Scarso;Sufficiente;Sufficiente;0;0;0;4;12,48112;41,89304;-1;2;Autovettura di polizia;In marcia / fermata / arresto;Passeggero;F;Illeso;0;;Non accertato;
2663522;15;21/01/2016 08:30;Strada Urbana;VIA DELLA MAGLIANA;in corrispondenza;;del civico n.;1009;;Veicolo in marcia contro veicolo arresto;Rettilineo;Una carreggiata a doppio senso;Bagnato (pioggia);Asfaltata;Assente;Sereno;Scarso;Buona;Ore Diurne;0;0;0;4;12,39275;41,82231;-1;1;Autocarro inferiore 35 q.;In marcia / fermata / arresto;Conducente;M;Illeso;0;;Utilizzato;Inesploso
2663522;15;21/01/2016 08:30;Strada Urbana;VIA DELLA MAGLIANA;in corrispondenza;;del civico n.;1009;;Veicolo in marcia contro veicolo arresto;Rettilineo;Una carreggiata a doppio senso;Bagnato (pioggia);Asfaltata;Assente;Sereno;Scarso;Buona;Ore Diurne;0;0;0;4;12,39275;41,82231;-1;1;Autocarro inferiore 35 q.;In marcia / fermata / arresto;Passeggero;F;Illeso;0;;Utilizzato;Inesistente
2663522;15;21/01/2016 08:30;Strada Urbana;VIA DELLA MAGLIANA;in corrispondenza;;del civico n.;1009;;Veicolo in marcia contro veicolo arresto;Rettilineo;Una carreggiata a doppio senso;Bagnato (pioggia);Asfaltata;Assente;Sereno;Scarso;Buona;Ore Diurne;0;0;0;4;12,39275;41,82231;-1;1;Autocarro inferiore 35 q.;In marcia / fermata / arresto;Passeggero;M;Illeso;0;;Utilizzato;Inesploso
2663522;15;21/01/2016 08:30;Strada Urbana;VIA DELLA MAGLIANA;in corrispondenza;;del civico n.;1009;;Veicolo in marcia contro veicolo arresto;Rettilineo;Una carreggiata a doppio senso;Bagnato (pioggia);Asfaltata;Assente;Sereno;Scarso;Buona;Ore Diurne;0;0;0;4;12,39275;41,82231;-1;2;Autovettura privata;In marcia / fermata / arresto;Conducente;F;Illeso;0;;Utilizzato;Inesploso
2663535;15;21/01/2016 12:15;Strada Urbana;VIA PORTUENSE;all'intersezione semaforizzata con;LARGO GAETANO LA LOGGIA;LARGO GAETANO LA LOGGIA;;;Tamponamento;Intersezione semaforizzata;Una carreggiata a doppio senso;Asciutto;Asfaltata;Orizzontale;Sereno;Normale;Buona;Ore Diurne;0;0;0;2;12,40939;41,84342;-1;1;Autovettura privata;In marcia / fermata / arresto;Conducente;M;Illeso;0;;Utilizzato;Inesploso
2663535;15;21/01/2016 12:15;Strada Urbana;VIA PORTUENSE;all'intersezione semaforizzata con;LARGO GAETANO LA LOGGIA;LARGO GAETANO LA LOGGIA;;;Tamponamento;Intersezione semaforizzata;Una carreggiata a doppio senso;Asciutto;Asfaltata;Orizzontale;Sereno;Normale;Buona;Ore Diurne;0;0;0;2;12,40939;41,84342;-1;2;Autovettura privata;In marcia / fermata / arresto;Conducente;M;Illeso;0;;Utilizzato;Inesploso
2663569;6;21/01/2016 15:40;Strada Urbana;VIA PIETRO ROVETTI;in corrispondenza;;del civico n.;61;;Scontro laterale fra veicoli in marcia;Rettilineo;Una carreggiata a senso unico di marcia;Asciutto;Asfaltata;Orizzontale;Sereno;Normale;Buona;Ore Diurne;0;0;0;3;12,54424;41,87785;-1;1;Autovettura privata;In marcia / fermata / arresto;Conducente;M;Illeso;0;;Non accertato;Inesploso
2663569;6;21/01/2016 15:40;Strada Urbana;VIA PIETRO ROVETTI;in corrispondenza;;del civico n.;61;;Scontro laterale fra veicoli in marcia;Rettilineo;Una carreggiata a senso unico di marcia;Asciutto;Asfaltata;Orizzontale;Sereno;Normale;Buona;Ore Diurne;0;0;0;3;12,54424;41,87785;-1;1;Autovettura privata;In marcia / fermata / arresto;Passeggero;F;Illeso;0;;Non accertato;Inesploso
2663569;6;21/01/2016 15:40;Strada Urbana;VIA PIETRO ROVETTI;in corrispondenza;;del civico n.;61;;Scontro laterale fra veicoli in marcia;Rettilineo;Una carreggiata a senso unico di marcia;Asciutto;Asfaltata;Orizzontale;Sereno;Normale;Buona;Ore Diurne;0;0;0;3;12,54424;41,87785;-1;2;Autovettura privata;In marcia / fermata / arresto;Conducente;F;Illeso;0;;Non accertato;Inesploso
2663581;9;21/01/2016 14:00;Strada Urbana;VIA TOMMASO FORTIFIOCCA;da specificare;;;;PROSSIMITA' VIA DI VIGNA FABBRI (DIR. C. BARONIO);Scontro laterale fra veicoli in marcia;Rettilineo;Una carreggiata a doppio senso;Asciutto;Asfaltata;Verticale ed orizzontale;Sereno;Normale;Buona;Ore Diurne;0;0;0;2;12,52233;41,8711;-1;1;Autocarro inferiore 35 q.;In marcia / fermata / arresto;Conducente;M;Illeso;0;;Utilizzato;Inesploso
2663581;9;21/01/2016 14:00;Strada Urbana;VIA TOMMASO FORTIFIOCCA;da specificare;;;;PROSSIMITA' VIA DI VIGNA FABBRI (DIR. C. BARONIO);Scontro laterale fra veicoli in marcia;Rettilineo;Una carreggiata a doppio senso;Asciutto;Asfaltata;Verticale ed orizzontale;Sereno;Normale;Buona;Ore Diurne;0;0;0;2;12,52233;41,8711;-1;2;Autovettura privata;In marcia / fermata / arresto;Conducente;M;Illeso;0;;Utilizzato;Inesploso
2663588;9;21/01/2016 11:15;Strada Urbana;VIA BIELLA;in prossimità;;del civico n.;11;;Scontro laterale fra veicoli in marcia;Rettilineo;Una carreggiata a senso unico di marcia;Bagnato (pioggia);Asfaltata;Orizzontale;Sereno;Scarso;Buona;Ore Diurne;1;0;0;1;12,51981;41,88197;-1;1;Autovettura privata;In marcia / fermata / arresto;Conducente;M;Illeso;0;;Utilizzato;
2663588;9;21/01/2016 11:15;Strada Urbana;VIA BIELLA;in prossimità;;del civico n.;11;;Scontro laterale fra veicoli in marcia;Rettilineo;Una carreggiata a senso unico di marcia;Bagnato (pioggia);Asfaltata;Orizzontale;Sereno;Scarso;Buona;Ore Diurne;1;0;0;1;12,51981;41,88197;-1;2;Motociclo con passeggero;In marcia / fermata / arresto;Conducente;M;Rimandato;0;NON DECEDUTO;Utilizzato;
2663589;1;21/01/2016 10:30;Strada Urbana;PONTE SUBLICIO;in corrispondenza;;del civico n.;6;;Tamponamento;Rettilineo;Una carreggiata a doppio senso;Asciutto;Asfaltata;Verticale ed orizzontale;Sereno;Intenso;Buona;Ore Diurne;1;0;0;2;12,47538;41,88313;-1;1;Autovettura privata;In marcia / fermata / arresto;Conducente;M;Illeso;0;;Non accertato;
2663589;1;21/01/2016 10:30;Strada Urbana;PONTE SUBLICIO;in corrispondenza;;del civico n.;6;;Tamponamento;Rettilineo;Una carreggiata a doppio senso;Asciutto;Asfaltata;Verticale ed orizzontale;Sereno;Intenso;Buona;Ore Diurne;1;0;0;2;12,47538;41,88313;-1;2;Autovettura privata;In marcia / fermata / arresto;Passeggero;M;Illeso;0;;Non accertato;
2663589;1;21/01/2016 10:30;Strada Urbana;PONTE SUBLICIO;in corrispondenza;;del civico n.;6;;Tamponamento;Rettilineo;Una carreggiata a doppio senso;Asciutto;Asfaltata;Verticale ed orizzontale;Sereno;Intenso;Buona;Ore Diurne;1;0;0;2;12,47538;41,88313;-1;2;Autovettura privata;In marcia / fermata / arresto;Conducente;M;Rimandato;0;NON DECEDUTO;Non accertato;
2663609;10;21/01/2016 16:00;Strada Urbana;VIA ANAGNINA;in prossimità;;del civico n.;3;;Tamponamento;Pendenza;Una carreggiata a senso unico di marcia;Asciutto;Asfaltata;Orizzontale;Sereno;Normale;Buona;Ore Diurne;1;0;0;1;12,58832;41,83961;-1;1;Autovettura privata;In marcia / fermata / arresto;Conducente;M;Illeso;0;;Non accertato;Inesploso
2663609;10;21/01/2016 16:00;Strada Urbana;VIA ANAGNINA;in prossimità;;del civico n.;3;;Tamponamento;Pendenza;Una carreggiata a senso unico di marcia;Asciutto;Asfaltata;Orizzontale;Sereno;Normale;Buona;Ore Diurne;1;0;0;1;12,58832;41,83961;-1;2;Autovettura privata;In marcia / fermata / arresto;Conducente;M;Rimandato;0;NON DECEDUTO;Non accertato;Esploso
2663625;1;21/01/2016 08:20;Strada Urbana;LUNGOTEVERE DEI SANGALLO;in prossimità;;del civico n.;13;;Scontro laterale fra veicoli in marcia;Rettilineo;Una carreggiata a senso unico di marcia;Asciutto;Asfaltata;Verticale ed orizzontale;Sereno;Normale;Buona;Ore Diurne;0;0;0;2;12,4643;41,89942;-1;1;Autovettura privata;In marcia / fermata / arresto;Conducente;F;Illeso;0;;Non accertato;
2663625;1;21/01/2016 08:20;Strada Urbana;LUNGOTEVERE DEI SANGALLO;in prossimità;;del civico n.;13;;Scontro laterale fra veicoli in marcia;Rettilineo;Una carreggiata a senso unico di marcia;Asciutto;Asfaltata;Verticale ed orizzontale;Sereno;Normale;Buona;Ore Diurne;0;0;0;2;12,4643;41,89942;-1;2;Autovettura privata;In marcia / fermata / arresto;Conducente;F;Illeso;0;;Non accertato;
2663682;1;21/01/2016 11:45;Strada Urbana;VIA MERULANA;in corrispondenza;;del civico n.;225;;Tamponamento Multiplo;Rettilineo;Una carreggiata a doppio senso;Asciutto;Asfaltata;Verticale ed orizzontale;Sereno;Normale;Buona;Ore Diurne;1;0;0;2;12,50138;41,89273;-1;1;Motociclo a solo;In marcia / fermata / arresto;Conducente;M;Rimandato;0;NON DECEDUTO;;
2663682;1;21/01/2016 11:45;Strada Urbana;VIA MERULANA;in corrispondenza;;del civico n.;225;;Tamponamento Multiplo;Rettilineo;Una carreggiata a doppio senso;Asciutto;Asfaltata;Verticale ed orizzontale;Sereno;Normale;Buona;Ore Diurne;1;0;0;2;12,50138;41,89273;-1;2;Motociclo a solo;In marcia / fermata / arresto;Conducente;M;Illeso;0;;;
2663682;1;21/01/2016 11:45;Strada Urbana;VIA MERULANA;in corrispondenza;;del civico n.;225;;Tamponamento Multiplo;Rettilineo;Una carreggiata a doppio senso;Asciutto;Asfaltata;Verticale ed orizzontale;Sereno;Normale;Buona;Ore Diurne;1;0;0;2;12,50138;41,89273;-1;3;Autovettura privata;In marcia / fermata / arresto;Conducente;M;Illeso;0;;;
2663702;15;21/01/2016 14:05;Strada Urbana;VIA DELLA PISANA;in prossimità;;del palo luce n.;168;;Veicolo in marcia contro ostacolo accidentale;Curva senza visuale libera;Una carreggiata a doppio senso;Asciutto;Asfaltata;Orizzontale;Sereno;Normale;Buona;Ore Diurne;0;0;0;1;12,39764;41,85757;-1;1;Autovettura privata;In marcia / fermata / arresto;Conducente;M;Illeso;0;;Utilizzato;
2663703;9;21/01/2016 08:20;Strada Urbana;VIA CILICIA;da specificare;;;;prox 'HOTEL CILICIA';Veicolo in marcia contro ostacolo accidentale;Rettilineo;Due carreggiate;Asciutto;Asfaltata;Orizzontale;Sereno;Normale;Buona;Ore Diurne;0;0;0;1;12,50576;41,87345;-1;1;Autovettura privata;In marcia / fermata / arresto;Conducente;M;Illeso;0;;Utilizzato;Inesploso
2663708;2;20/01/2016 15:00;Strada Urbana;VIA VIRGINIO VESPIGNANI;da specificare;;;;altezza P.ZZA MELOZZO DA FORLI';Veicolo in marcia contro ostacolo fisso;Rettilineo;Una carreggiata a doppio senso;Asciutto;Asfaltata;Verticale ed orizzontale;Sereno;Normale;Buona;Ore Diurne;0;0;0;1;12,46355;41,92459;-1;1;Autovettura privata;In marcia / fermata / arresto;Conducente;M;Illeso;0;;Non accertato;Inesploso
2663709;2;21/01/2016 15:00;Strada Urbana;PIAZZA EUCLIDE;in prossimità;;del civico n.;fr. 46;;Veicolo in marcia contro ostacolo accidentale;Curva a visuale libera;Una carreggiata a senso unico di marcia;Asciutto;Asfaltata;Verticale ed orizzontale;Sereno;Normale;Buona;Ore Diurne;1;0;0;1;12,4817;41,92691;-1;1;Motociclo a solo;In marcia / fermata / arresto;Passeggero;M;Illeso;0;;Non accertato;
2663709;2;21/01/2016 15:00;Strada Urbana;PIAZZA EUCLIDE;in prossimità;;del civico n.;fr. 46;;Veicolo in marcia contro ostacolo accidentale;Curva a visuale libera;Una carreggiata a senso unico di marcia;Asciutto;Asfaltata;Verticale ed orizzontale;Sereno;Normale;Buona;Ore Diurne;1;0;0;1;12,4817;41,92691;-1;1;Motociclo a solo;In marcia / fermata / arresto;Conducente;M;Rimandato;0;NON DECEDUTO;Non accertato;
2663719;9;21/01/2016 09:30;Strada Urbana;VIA TUSCOLANA;all'intersezione con;VIA AOSTA;VIA AOSTA;;;Infortunio per sola frenata improvvisa;Incrocio;Una carreggiata a senso unico di marcia;Asciutto;Asfaltata;Verticale ed orizzontale;Sereno;Normale;Buona;Ore Diurne;1;0;0;1;12,52291;41,87987;-1;1;Autovettura privata;In marcia / fermata / arresto;Conducente;M;Illeso;0;;Utilizzato;Inesploso
2663719;9;21/01/2016 09:30;Strada Urbana;VIA TUSCOLANA;all'intersezione con;VIA AOSTA;VIA AOSTA;;;Infortunio per sola frenata improvvisa;Incrocio;Una carreggiata a senso unico di marcia;Asciutto;Asfaltata;Verticale ed orizzontale;Sereno;Normale;Buona;Ore Diurne;1;0;0;1;12,52291;41,87987;-1;2;Motociclo a solo;In marcia / fermata / arresto;Conducente;F;Rimandato;0;NON DECEDUTO;Utilizzato;
2663729;6;21/01/2016 16:40;Strada Urbana;PIAZZA DEI CONDOTTIERI;all'intersezione con;VIA ROBERTO MALATESTA;VIA ROBERTO MALATESTA;;;Scontro laterale fra veicoli in marcia;Intersezione stradale segnalata;Una carreggiata a doppio senso;Asciutto;Asfaltata;Orizzontale;Sereno;Normale;Buona;Ore Diurne;0;0;0;2;12,53487;41,88765;-1;1;Autovettura privata;In marcia / fermata / arresto;Conducente;F;Illeso;0;;Non accertato;Inesploso
2663729;6;21/01/2016 16:40;Strada Urbana;PIAZZA DEI CONDOTTIERI;all'intersezione con;VIA ROBERTO MALATESTA;VIA ROBERTO MALATESTA;;;Scontro laterale fra veicoli in marcia;Intersezione stradale segnalata;Una carreggiata a doppio senso;Asciutto;Asfaltata;Orizzontale;Sereno;Normale;Buona;Ore Diurne;0;0;0;2;12,53487;41,88765;-1;2;Autocarro inferiore 35 q.;In marcia / fermata / arresto;Conducente;M;Illeso;0;;Non accertato;Inesploso
2663744;13;21/01/2016 12:45;Strada Urbana;VIA DEI BRAGOZZI;all'intersezione con;VIA DELLA PARANZELLA;VIA DELLA PARANZELLA;;;Scontro laterale fra veicoli in marcia;Incrocio;Una carreggiata a doppio senso;Asciutto;Asfaltata;Verticale ed orizzontale;Sereno;Normale;Buona;Ore Diurne;0;0;0;1;12,27418;41,73376;-1;1;Autovettura privata;In marcia / fermata / arresto;Conducente;M;Illeso;0;;Non accertato;Inesploso
2663764;10;21/01/2016 17:25;Strada Urbana;VIA TUSCOLANA;in prossimità;;del civico n.;1820;;Veicolo in marcia contro veicolo in sosta;Rettilineo;Una carreggiata a senso unico di marcia;Asciutto;Asfaltata;Assente;Sereno;Scarso;Buona;Sufficiente;0;0;0;1;12,58543;41,84152;-1;1;Autovettura privata;In marcia / fermata / arresto;Conducente;F;Illeso;0;;Non accertato;Inesploso
2663773;9;21/01/2016 09:50;Strada Urbana;VIA TOMMASO FORTIFIOCCA;da specificare;;;;FRONTE VIA A. OMODEO;Tamponamento;Rettilineo;Una carreggiata a doppio senso;Asciutto;Asfaltata;Verticale ed orizzontale;Sereno;Normale;Buona;Ore Diurne;1;0;0;1;12,52198;41,87145;-1;1;Autovettura privata;In marcia / fermata / arresto;Conducente;F;Illeso;0;;Utilizzato;Inesploso
2663773;9;21/01/2016 09:50;Strada Urbana;VIA TOMMASO FORTIFIOCCA;da specificare;;;;FRONTE VIA A. OMODEO;Tamponamento;Rettilineo;Una carreggiata a doppio senso;Asciutto;Asfaltata;Verticale ed orizzontale;Sereno;Normale;Buona;Ore Diurne;1;0;0;1;12,52198;41,87145;-1;2;Motociclo a solo;In marcia / fermata / arresto;Conducente;M;Ricoverato;0;NON DECEDUTO;Non accertato;
2663783;16;21/01/2016 09:30;Strada Urbana;VIA FEDERICO OZANAM;all'intersezione con;VIA FRANCESCO CATEL;VIA FRANCESCO CATEL;;;Scontro frontale/laterale DX fra veicoli in marcia;Incrocio;Una carreggiata a doppio senso;Bagnato (brina);Asfaltata;Verticale;Sereno;Normale;Buona;Ore Diurne;0;0;0;4;12,44992;41,87712;-1;1;Autovettura privata;In marcia / fermata / arresto;Conducente;M;Illeso;0;;;
2663783;16;21/01/2016 09:30;Strada Urbana;VIA FEDERICO OZANAM;all'intersezione con;VIA FRANCESCO CATEL;VIA FRANCESCO CATEL;;;Scontro frontale/laterale DX fra veicoli in marcia;Incrocio;Una carreggiata a doppio senso;Bagnato (brina);Asfaltata;Verticale;Sereno;Normale;Buona;Ore Diurne;0;0;0;4;12,44992;41,87712;-1;1;Autovettura privata;In marcia / fermata / arresto;Passeggero;F;Illeso;0;;;