Protocollo;Gruppo;DataOraIncidente;Localizzazione1;STRADA1;Localizzazione2;STRADA2;Strada02;Chilometrica;DaSpecificare;NaturaIncidente;particolaritastrade;TipoStrada;FondoStradale;Pavimentazione;Segnaletica;CondizioneAtmosferica;Traffico;Visibilita;Illuminazione;NUM_FERITI;NUM_RISERVATA;NUM_MORTI;NUM_ILLESI;Longitudine;Latitudine;Confermato;Progressivo;TipoVeicolo;StatoVeicolo;TipoPersona;Sesso;Tipolesione;Deceduto;DecedutoDopo;CinturaCascoUtilizzato;Airbag
2667413;15;24/01/2016 15:10;Strada Urbana;VIALE GUGLIELMO MARCONI;da specificare;;;;prossimità civico 106;Tamponamento;Rettilineo;Due carreggiate;Asciutto;Asfaltata;Orizzontale;Sereno;Normale;Buona;Ore Diurne;0;0;0;5;12,47124;41,85748;-1;2;Autovettura privata;In marcia / fermata / arresto;Passeggero;F;Illeso;0;;Utilizzato;
2667413;15;24/01/2016 15:10;Strada Urbana;VIALE GUGLIELMO MARCONI;da specificare;;;;prossimità civico 106;Tamponamento;Rettilineo;Due carreggiate;Asciutto;Asfaltata;Orizzontale;Sereno;Normale;Buona;Ore Diurne;0;0;0;5;12,47124;41,85748;-1;2;Autovettura privata;In marcia / fermata / arresto;Passeggero;M;Illeso;0;;Utilizzato;
2667423;10;25/01/2016 08:10;Strada Urbana;VIA STEFANO OBERTO;in prossimità;;del civico n.;35;;Scontro frontale/laterale SX fra veicoli in marcia;Rettilineo;Una carreggiata a doppio senso;Asciutto;Asfaltata;Orizzontale;Sereno;Normale;Buona;Ore Diurne;1;0;0;1;12,58649;41,85038;-1;1;Autovettura privata;In marcia / fermata / arresto;Conducente;F;Illeso;0;;Non accertato;Inesploso
2667423;10;25/01/2016 08:10;Strada Urbana;VIA STEFANO OBERTO;in prossimità;;del civico n.;35;;Scontro frontale/laterale SX fra veicoli in marcia;Rettilineo;Una carreggiata a doppio senso;Asciutto;Asfaltata;Orizzontale;Sereno;Normale;Buona;Ore Diurne;1;0;0;1;12,58649;41,85038;-1;2;Motociclo a solo;In marcia / fermata / arresto;Conducente;M;Rimandato;0;NON DECEDUTO;Non accertato;
2667431;5;22/01/2016 08:15;Strada Urbana;VIA DI MARCO SIMONE;da specificare;;;;PROSSIMITA' FRONTE CIVICO 68;Veicolo in marcia contro ostacolo accidentale;Rettilineo;Una carreggiata a doppio senso;Asciutto;Asfaltata;Orizzontale;Sereno;Normale;Buona;Ore Diurne;0;0;0;1;12,64352;41,95616;-1;1;Autovettura privata;In marcia / fermata / arresto;Conducente;F;Illeso;0;;Non accertato;Inesploso
2667432;4;22/01/2016 15:10;Provinciale;VIA NOMENTANA;da specificare;;;;prossimità civico 1141/A;Investimento di pedone;Rettilineo;Una carreggiata a doppio senso;Asciutto;Asfaltata;Verticale ed orizzontale;Sereno;Normale;Buona;Ore Diurne;1;0;0;1;12,57524;41,95463;-1;;;;Pedone;F;Rimandato;0;NON DECEDUTO;;
2667432;4;22/01/2016 15:10;Provinciale;VIA NOMENTANA;da specificare;;;;prossimità civico 1141/A;Investimento di pedone;Rettilineo;Una carreggiata a doppio senso;Asciutto;Asfaltata;Verticale ed orizzontale;Sereno;Normale;Buona;Ore Diurne;1;0;0;1;12,57524;41,95463;-1;1;Autovettura privata;In marcia / fermata / arresto;Conducente;F;Illeso;0;;Non accertato;Inesploso
2667434;5;22/01/2016 09:20;Strada Urbana;VIA DI MARCO SIMONE;da specificare;;;;PROSSIMITA' FRONTE CIVICO 68;Veicolo in marcia contro ostacolo accidentale;Rettilineo;Una carreggiata a doppio senso;Asciutto;Asfaltata;Orizzontale;Sereno;Scarso;Buona;Ore Diurne;0;0;0;1;12,64356;41,95651;-1;1;Autovettura privata;In marcia / fermata / arresto;Conducente;M;Illeso;0;;Non accertato;Inesploso
2667446;17;24/01/2016 16:15;Strada Urbana;VIA MONTE ZEBIO;all'intersezione con;VIA ANTONIO CANTORE;VIA ANTONIO CANTORE;;;Scontro frontale/laterale DX fra veicoli in marcia;Incrocio;Più di due carreggiate;Asciutto;Asfaltata;Verticale ed orizzontale;Sereno;Scarso;Buona;Ore Diurne;0;0;0;7;12,46489;41,91816;-1;1;Autovettura privata;In marcia / fermata / arresto;Conducente;M;Illeso;0;;Non accertato;Inesploso
2667446;17;24/01/2016 16:15;Strada Urbana;VIA MONTE ZEBIO;all'intersezione con;VIA ANTONIO CANTORE;VIA ANTONIO CANTORE;;;Scontro frontale/laterale DX fra veicoli in marcia;Incrocio;Più di due carreggiate;Asciutto;Asfaltata;Verticale ed orizzontale;Sereno;Scarso;Buona;Ore Diurne;0;0;0;7;12,46489;41,91816;-1;1;Autovettura privata;In marcia / fermata / arresto;Passeggero;F;Illeso;0;;;
2667446;17;24/01/2016 16:15;Strada Urbana;VIA MONTE ZEBIO;all'intersezione con;VIA ANTONIO CANTORE;VIA ANTONIO CANTORE;;;Scontro frontale/laterale DX fra veicoli in marcia;Incrocio;Più di due carreggiate;Asciutto;Asfaltata;Verticale ed orizzontale;Sereno;Scarso;Buona;Ore Diurne;0;0;0;7;12,46489;41,91816;-1;1;Autovettura privata;In marcia / fermata / arresto;Passeggero;F;Illeso;0;;;
2667446;17;24/01/2016 16:15;Strada Urbana;VIA MONTE ZEBIO;all'intersezione con;VIA ANTONIO CANTORE;VIA ANTONIO CANTORE;;;Scontro frontale/laterale DX fra veicoli in marcia;Incrocio;Più di due carreggiate;Asciutto;Asfaltata;Verticale ed orizzontale;Sereno;Scarso;Buona;Ore Diurne;0;0;0;7;12,46489;41,91816;-1;2;Autovettura privata;In marcia / fermata / arresto;Conducente;M;Illeso;0;;;
2667446;17;24/01/2016 16:15;Strada Urbana;VIA MONTE ZEBIO;all'intersezione con;VIA ANTONIO CANTORE;VIA ANTONIO CANTORE;;;Scontro frontale/laterale DX fra veicoli in marcia;Incrocio;Più di due carreggiate;Asciutto;Asfaltata;Verticale ed orizzontale;Sereno;Scarso;Buona;Ore Diurne;0;0;0;7;12,46489;41,91816;-1;2;Autovettura privata;In marcia / fermata / arresto;Passeggero;F;Illeso;0;;;
2667446;17;24/01/2016 16:15;Strada Urbana;VIA MONTE ZEBIO;all'intersezione con;VIA ANTONIO CANTORE;VIA ANTONIO CANTORE;;;Scontro frontale/laterale DX fra veicoli in marcia;Incrocio;Più di due carreggiate;Asciutto;Asfaltata;Verticale ed orizzontale;Sereno;Scarso;Buona;Ore Diurne;0;0;0;7;12,46489;41,91816;-1;2;Autovettura privata;In marcia / fermata / arresto;Passeggero;M;Illeso;0;;;
2667448;18;21/01/2016 12:25;Strada Urbana;VIA ALCIDE DE GASPERI;all'intersezione con;VIA DELLE FORNACI;VIA DELLE FORNACI;;;Veicolo in marcia contro veicolo in sosta;Incrocio;Una carreggiata a senso unico di marcia;Asciutto;Acciotolata;Orizzontale;Sereno;Scarso;Buona;Ore Diurne;0;0;0;1;12,45543;41,89884;-1;1;Autobus turistico;In marcia / fermata / arresto;Conducente;M;Illeso;0;;Non accertato;Inesploso
2667451;5;22/01/2016 11:20;Strada Urbana;VIA BELMONTE IN SABINA;da specificare;;;;DIREZIONE PALOMBARESE 30 MT OLTRE LO SVINCOLO G.R.;Tamponamento;Rettilineo;Due carreggiate;Asciutto;Asfaltata;Orizzontale;Sereno;Normale;Buona;Ore Diurne;0;0;0;2;12,59336;41,94623;-1;1;Autovettura privata;In marcia / fermata / arresto;Conducente;F;Illeso;0;;Non accertato;Inesploso
2667451;5;22/01/2016 11:20;Strada Urbana;VIA BELMONTE IN SABINA;da specificare;;;;DIREZIONE PALOMBARESE 30 MT OLTRE LO SVINCOLO G.R.;Tamponamento;Rettilineo;Due carreggiate;Asciutto;Asfaltata;Orizzontale;Sereno;Normale;Buona;Ore Diurne;0;0;0;2;12,59336;41,94623;-1;2;Autocarro inferiore 35 q.;In marcia / fermata / arresto;Conducente;M;Illeso;0;;Non accertato;Inesploso
2667453;5;22/01/2016 12:30;Strada Urbana;VIA DIEGO FABBRI;da specificare;;;;prossimità Via Nomentana;Tamponamento;Rettilineo;Una carreggiata a doppio senso;Asciutto;Asfaltata;Orizzontale;Sereno;Normale;Buona;Ore Diurne;1;0;0;2;12,56331;41,94538;-1;1;Autovettura privata;In marcia / fermata / arresto;Conducente;M;Illeso;0;;Non accertato;
2667453;5;22/01/2016 12:30;Strada Urbana;VIA DIEGO FABBRI;da specificare;;;;prossimità Via Nomentana;Tamponamento;Rettilineo;Una carreggiata a doppio senso;Asciutto;Asfaltata;Orizzontale;Sereno;Normale;Buona;Ore Diurne;1;0;0;2;12,56331;41,94538;-1;2;Autovettura privata;In marcia / fermata / arresto;Conducente;M;Illeso;0;;Non accertato;
2667453;5;22/01/2016 12:30;Strada Urbana;VIA DIEGO FABBRI;da specificare;;;;prossimità Via Nomentana;Tamponamento;Rettilineo;Una carreggiata a doppio senso;Asciutto;Asfaltata;Orizzontale;Sereno;Normale;Buona;Ore Diurne;1;0;0;2;12,56331;41,94538;-1;2;Autovettura privata;In marcia / fermata / arresto;Passeggero;F;Rimandato;0;NON DECEDUTO;Non accertato;
2667456;19;22/01/2016 20:30;Strada Urbana;VIA DELLA PINETA SACCHETTI;in corrispondenza;;del civico n.;211;;Tamponamento;Rettilineo;Una carreggiata a senso unico di marcia;Asciutto;Asfaltata;Verticale ed orizzontale;Nebbia;Normale;Buona;Sufficiente;0;0;0;2;12,42695;41,92882;-1;1;Autovettura privata;In marcia / fermata / arresto;Conducente;M;Illeso;0;;Non accertato;Inesploso
2667456;19;22/01/2016 20:30;Strada Urbana;VIA DELLA PINETA SACCHETTI;in corrispondenza;;del civico n.;211;;Tamponamento;Rettilineo;Una carreggiata a senso unico di marcia;Asciutto;Asfaltata;Verticale ed orizzontale;Nebbia;Normale;Buona;Sufficiente;0;0;0;2;12,42695;41,92882;-1;2;Autovettura privata;In marcia / fermata / arresto;Conducente;F;Illeso;0;;Non accertato;Inesploso
2667458;4;22/01/2016 12:00;Strada Urbana;VIA RAPAGNANO;in prossimità;;del civico n.;12/A;;Scontro laterale fra veicoli in marcia;Rettilineo;Una carreggiata a senso unico di marcia;Asciutto;Asfaltata;Verticale ed orizzontale;Sereno;Normale;Buona;Ore Diurne;0;0;0;2;12,51335;41,98388;-1;1;Autovettura privata;In marcia / fermata / arresto;Conducente;M;Illeso;0;;Non accertato;Inesploso
2667458;4;22/01/2016 12:00;Strada Urbana;VIA RAPAGNANO;in prossimità;;del civico n.;12/A;;Scontro laterale fra veicoli in marcia;Rettilineo;Una carreggiata a senso unico di marcia;Asciutto;Asfaltata;Verticale ed orizzontale;Sereno;Normale;Buona;Ore Diurne;0;0;0;2;12,51335;41,98388;-1;2;Autovettura privata;In marcia / fermata / arresto;Conducente;M;Illeso;0;;Non accertato;Inesploso
2667464;20;25/01/2016 08:50;Regionale entro l'abitato;VIA CASSIA;da specificare;;;;altezza GRA uscita da carreggiata interna;Tamponamento;Curva a visuale libera;Una carreggiata a doppio senso;Asciutto;Asfaltata;Verticale ed orizzontale;Sereno;Intenso;Buona;Ore Diurne;1;0;0;2;12,42409;41,97677;-1;1;Motociclo a solo;In marcia / fermata / arresto;Conducente;F;Rimandato;0;NON DECEDUTO;;
2667464;20;25/01/2016 08:50;Regionale entro l'abitato;VIA CASSIA;da specificare;;;;altezza GRA uscita da carreggiata interna;Tamponamento;Curva a visuale libera;Una carreggiata a doppio senso;Asciutto;Asfaltata;Verticale ed orizzontale;Sereno;Intenso;Buona;Ore Diurne;1;0;0;2;12,42409;41,97677;-1;2;Autocarro inferiore 35 q.;In marcia / fermata / arresto;Conducente;M;Illeso;0;;;
2667464;20;25/01/2016 08:50;Regionale entro l'abitato;VIA CASSIA;da specificare;;;;altezza GRA uscita da carreggiata interna;Tamponamento;Curva a visuale libera;Una carreggiata a doppio senso;Asciutto;Asfaltata;Verticale ed orizzontale;Sereno;Intenso;Buona;Ore Diurne;1;0;0;2;12,42409;41,97677;-1;2;Autocarro inferiore 35 q.;In marcia / fermata / arresto;Passeggero;M;Illeso;0;;Non accertato;Inesploso
2667471;7;22/01/2016 17:25;Strada Urbana;VIA DELL'OMO;in corrispondenza;;del civico n.;122;;Scontro laterale fra veicoli in marcia;Rettilineo;Una carreggiata a senso unico di marcia;Asciutto;Asfaltata;Orizzontale;Nuvoloso;Normale;Buona;Sufficiente;0;0;0;5;12,61049;41,88877;-1;1;Autovettura privata;In marcia / fermata / arresto;Conducente;F;Illeso;0;;Non accertato;
2667471;7;22/01/2016 17:25;Strada Urbana;VIA DELL'OMO;in corrispondenza;;del civico n.;122;;Scontro laterale fra veicoli in marcia;Rettilineo;Una carreggiata a senso unico di marcia;Asciutto;Asfaltata;Orizzontale;Nuvoloso;Normale;Buona;Sufficiente;0;0;0;5;12,61049;41,88877;-1;1;Autovettura privata;In marcia / fermata / arresto;Passeggero;F;Illeso;0;;Non accertato;Inesploso
2667471;7;22/01/2016 17:25;Strada Urbana;VIA DELL'OMO;in corrispondenza;;del civico n.;122;;Scontro laterale fra veicoli in marcia;Rettilineo;Una carreggiata a senso unico di marcia;Asciutto;Asfaltata;Orizzontale;Nuvoloso;Normale;Buona;Sufficiente;0;0;0;5;12,61049;41,88877;-1;1;Autovettura privata;In marcia / fermata / arresto;Passeggero;M;Illeso;0;;Non accertato;
2667471;7;22/01/2016 17:25;Strada Urbana;VIA DELL'OMO;in corrispondenza;;del civico n.;122;;Scontro laterale fra veicoli in marcia;Rettilineo;Una carreggiata a senso unico di marcia;Asciutto;Asfaltata;Orizzontale;Nuvoloso;Normale;Buona;Sufficiente;0;0;0;5;12,61049;41,88877;-1;1;Autovettura privata;In marcia / fermata / arresto;Passeggero;F;Illeso;0;;;
2667471;7;22/01/2016 17:25;Strada Urbana;VIA DELL'OMO;in corrispondenza;;del civico n.;122;;Scontro laterale fra veicoli in marcia;Rettilineo;Una carreggiata a senso unico di marcia;Asciutto;Asfaltata;Orizzontale;Nuvoloso;Normale;Buona;Sufficiente;0;0;0;5;12,61049;41,88877;-1;2;Autovettura privata;In marcia / fermata / arresto;Conducente;M;Illeso;0;;Non accertato;
2667474;7;24/01/2016 02:45;Strada Urbana;VIA TIBURTINA;all'intersezione semaforizzata con;VIA DI PORTONACCIO;VIA DI PORTONACCIO;;;Scontro frontale/laterale DX fra veicoli in marcia;Incrocio;Una carreggiata a doppio senso;Asciutto;Asfaltata;Verticale ed orizzontale;Sereno;Scarso;Buona;Sufficiente;0;0;0;2;12,53415;41,90822;-1;1;Autovettura privata;In marcia / fermata / arresto;Conducente;M;Illeso;0;;Non accertato;Inesploso
2667474;7;24/01/2016 02:45;Strada Urbana;VIA TIBURTINA;all'intersezione semaforizzata con;VIA DI PORTONACCIO;VIA DI PORTONACCIO;;;Scontro frontale/laterale DX fra veicoli in marcia;Incrocio;Una carreggiata a doppio senso;Asciutto;Asfaltata;Verticale ed orizzontale;Sereno;Scarso;Buona;Sufficiente;0;0;0;2;12,53415;41,90822;-1;2;Autovettura privata;In marcia / fermata / arresto;Conducente;M;Illeso;0;;Non accertato;Inesploso
2667483;4;22/01/2016 19:15;Strada Urbana;PIAZZA DEI VOCAZIONISTI;all'intersezione con;VIA RIO NELL'ELBA;VIA RIO NELL'ELBA;;;Veicolo in marcia contro veicolo in sosta;Rotatoria;Una carreggiata a senso unico di marcia;Asciutto;Asfaltata;Assente;Sereno;Normale;Buona;Sufficiente;0;0;0;1;12,51611;41,97209;-1;2;Autovettura privata;In marcia / fermata / arresto;Conducente;M;Illeso;0;;;
2667485;12;22/01/2016 16:15;Strada Urbana;VIALE DELLA CIVILTA' DEL LAVORO;in prossimità;;del civico n.;70;;Scontro frontale/laterale DX fra veicoli in marcia;Rettilineo;Una carreggiata a doppio senso;Asciutto;Asfaltata;Verticale ed orizzontale;Nuvoloso;Intenso;Buona;Ore Diurne;0;0;0;1;12,47067;41,83514;-1;1;Autovettura privata;In marcia / fermata / arresto;Conducente;F;Illeso;0;;Utilizzato;Inesploso
2667490;12;22/01/2016 19:00;Statale;VIA DEL MARE;da specificare;;;;DIREZIONE OSTIA TRA IL KM. 7.00 E 7.100;Scontro laterale fra veicoli in marcia;Rettilineo;Una carreggiata a doppio senso;Asciutto;Asfaltata;Verticale ed orizzontale;Nuvoloso;Normale;Buona;Inesistente;1;0;0;5;12,48786;41,66404;-1;1;Autocarro inferiore 35 q.;In marcia / fermata / arresto;Conducente;M;Rimandato;0;NON DECEDUTO;Non accertato;Inesploso
2667490;12;22/01/2016 19:00;Statale;VIA DEL MARE;da specificare;;;;DIREZIONE OSTIA TRA IL KM. 7.00 E 7.100;Scontro laterale fra veicoli in marcia;Rettilineo;Una carreggiata a doppio senso;Asciutto;Asfaltata;Verticale ed orizzontale;Nuvoloso;Normale;Buona;Inesistente;1;0;0;5;12,48786;41,66404;-1;2;Autovettura con rimorchio;In marcia / fermata / arresto;Conducente;M;Illeso;0;;Non accertato;Inesploso
2667490;12;22/01/2016 19:00;Statale;VIA DEL MARE;da specificare;;;;DIREZIONE OSTIA TRA IL KM. 7.00 E 7.100;Scontro laterale fra veicoli in marcia;Rettilineo;Una carreggiata a doppio senso;Asciutto;Asfaltata;Verticale ed orizzontale;Nuvoloso;Normale;Buona;Inesistente;1;0;0;5;12,48786;41,66404;-1;2;Autovettura con rimorchio;In marcia / fermata / arresto;Passeggero;F;Illeso;0;;Utilizzato;Inesploso
2667490;12;22/01/2016 19:00;Statale;VIA DEL MARE;da specificare;;;;DIREZIONE OSTIA TRA IL KM. 7.00 E 7.100;Scontro laterale fra veicoli in marcia;Rettilineo;Una carreggiata a doppio senso;Asciutto;Asfaltata;Verticale ed orizzontale;Nuvoloso;Normale;Buona;Inesistente;1;0;0;5;12,48786;41,66404;-1;2;Autovettura con rimorchio;In marcia / fermata / arresto;Passeggero;M;Illeso;0;;Utilizzato;Inesploso
2667490;12;22/01/2016 19:00;Statale;VIA DEL MARE;da specificare;;;;DIREZIONE OSTIA TRA IL KM. 7.00 E 7.100;Scontro laterale fra veicoli in marcia;Rettilineo;Una carreggiata a doppio senso;Asciutto;Asfaltata;Verticale ed orizzontale;Nuvoloso;Normale;Buona;Inesistente;1;0;0;5;12,48786;41,66404;-1;2;Autovettura con rimorchio;In marcia / fermata / arresto;Passeggero;M;Illeso;0;;Utilizzato;Inesploso
2667490;12;22/01/2016 19:00;Statale;VIA DEL MARE;da specificare;;;;DIREZIONE OSTIA TRA IL KM. 7.00 E 7.100;Scontro laterale fra veicoli in marcia;Rettilineo;Una carreggiata a doppio senso;Asciutto;Asfaltata;Verticale ed orizzontale;Nuvoloso;Normale;Buona;Inesistente;1;0;0;5;12,48786;41,66404;-1;2;Autovettura con rimorchio;In marcia / fermata / arresto;Passeggero;F;Illeso;0;;Utilizzato;Inesploso
2667496;1;24/01/2016 19:00;Strada Urbana;PONTE SUBLICIO;in corrispondenza;;del palo luce n.;7;;Scontro laterale fra veicoli in marcia;Rettilineo;Una carreggiata a doppio senso;Asciutto;Asfaltata;Verticale ed orizzontale;Sereno;Normale;Buona;Sufficiente;0;0;0;2;12,47538;41,88313;-1;1;Autovettura privata;In marcia / fermata / arresto;Conducente;F;Illeso;0;;;
2667496;1;24/01/2016 19:00;Strada Urbana;PONTE SUBLICIO;in corrispondenza;;del palo luce n.;7;;Scontro laterale fra veicoli in marcia;Rettilineo;Una carreggiata a doppio senso;Asciutto;Asfaltata;Verticale ed orizzontale;Sereno;Normale;Buona;Sufficiente;0;0;0;2;12,47538;41,88313;-1;2;Motociclo a solo;In marcia / fermata / arresto;Conducente;M;Illeso;0;;;
2667501;5;23/01/2016 09:30;Strada Urbana;VIALE KANT;da specificare;;;;altezza Via Schopenhauer ;Veicolo in marcia contro ostacolo accidentale;Curva a visuale libera;Due carreggiate;Asciutto;Asfaltata;Verticale ed orizzontale;Nuvoloso;Normale;Buona;Ore Diurne;0;0;0;3;12,55733;41,93313;-1;1;Autovettura privata;In marcia / fermata / arresto;Conducente;F;Illeso;0;;Non accertato;
2667501;5;23/01/2016 09:30;Strada Urbana;VIALE KANT;da specificare;;;;altezza Via Schopenhauer ;Veicolo in marcia contro ostacolo accidentale;Curva a visuale libera;Due carreggiate;Asciutto;Asfaltata;Verticale ed orizzontale;Nuvoloso;Normale;Buona;Ore Diurne;0;0;0;3;12,55733;41,93313;-1;1;Autovettura privata;In marcia / fermata / arresto;Passeggero;F;Illeso;0;;Non accertato;
2667501;5;23/01/2016 09:30;Strada Urbana;VIALE KANT;da specificare;;;;altezza Via Schopenhauer ;Veicolo in marcia contro ostacolo accidentale;Curva a visuale libera;Due carreggiate;Asciutto;Asfaltata;Verticale ed orizzontale;Nuvoloso;Normale;Buona;Ore Diurne;0;0;0;3;12,55733;41,93313;-1;1;Autovettura privata;In marcia / fermata / arresto;Passeggero;M;Illeso;0;;Non accertato;
2667504;5;23/01/2016 10:15;Strada Urbana;VIALE PALMIRO TOGLIATTI;in corrispondenza;;del civico n.;1449;;Veicolo in marcia contro veicolo fermo;Rettilineo;Due carreggiate;Asciutto;Asfaltata;Verticale ed orizzontale;Sereno;Normale;Buona;Ore Diurne;0;0;0;2;12,57214;41,91117;-1;1;Autovettura privata;In marcia / fermata / arresto;Conducente;M;Illeso;0;;Non accertato;Inesistente
2667504;5;23/01/2016 10:15;Strada Urbana;VIALE PALMIRO TOGLIATTI;in corrispondenza;;del civico n.;1449;;Veicolo in marcia contro veicolo fermo;Rettilineo;Due carreggiate;Asciutto;Asfaltata;Verticale ed orizzontale;Sereno;Normale;Buona;Ore Diurne;0;0;0;2;12,57214;41,91117;-1;2;Autovettura privata;In marcia / fermata / arresto;Conducente;M;Illeso;0;;Non accertato;Inesistente
2667510;5;23/01/2016 12:00;Strada Urbana;VIA GIROLAMO MECHELLI;all'intersezione con;VIA CARLO TRANFO;VIA CARLO TRANFO;;;Scontro frontale/laterale DX fra veicoli in marcia;Incrocio;Una carreggiata a doppio senso;Asciutto;Asfaltata;Assente;Sereno;Normale;Buona;Ore Diurne;2;0;0;1;12,59145;41,93914;-1;1;Autovettura privata;In marcia / fermata / arresto;Conducente;F;Rimandato;0;NON DECEDUTO;Non accertato;Inesploso
2667510;5;23/01/2016 12:00;Strada Urbana;VIA GIROLAMO MECHELLI;all'intersezione con;VIA CARLO TRANFO;VIA CARLO TRANFO;;;Scontro frontale/laterale DX fra veicoli in marcia;Incrocio;Una carreggiata a doppio senso;Asciutto;Asfaltata;Assente;Sereno;Normale;Buona;Ore Diurne;2;0;0;1;12,59145;41,93914;-1;1;Autovettura privata;In marcia / fermata / arresto;Passeggero;F;Rimandato;0;NON DECEDUTO;Non accertato;Inesploso
2667510;5;23/01/2016 12:00;Strada Urbana;VIA GIROLAMO MECHELLI;all'intersezione con;VIA CARLO TRANFO;VIA CARLO TRANFO;;;Scontro frontale/laterale DX fra veicoli in marcia;Incrocio;Una carreggiata a doppio senso;Asciutto;Asfaltata;Assente;Sereno;Normale;Buona;Ore Diurne;2;0;0;1;12,59145;41,93914;-1;2;Autovettura privata;In marcia / fermata / arresto;Conducente;M;Illeso;0;;Non accertato;Inesploso
2667512;5;23/01/2016 14:00;Strada Urbana;VIALE EGIDIO GALBANI;da specificare;;;;fronte civico 3 (direzione Nomentana);Veicolo in marcia contro ostacolo accidentale;Curva a visuale libera;Due carreggiate;Viscido da liquidi oleosi;Asfaltata;Verticale ed orizzontale;Sereno;Normale;Buona;Ore Diurne;1;0;0;0;12,56171;41,93068;-1;1;Motociclo con passeggero;In marcia / fermata / arresto;Conducente;M;Rimandato;0;NON DECEDUTO;Non accertato;
2667513;5;23/01/2016 18:10;Strada Urbana;VIA DI MARCO SIMONE;da specificare;;;;altezza distributore prossimità civico 90;Veicolo in marcia contro ostacolo accidentale;Rettilineo;Una carreggiata a doppio senso;Bagnato (pioggia);Asfaltata;Assente;Nuvoloso;Scarso;Insufficiente;Insufficiente;0;0;0;2;12,63202;41,9576;-1;1;Autovettura privata;In marcia / fermata / arresto;Conducente;F;Illeso;0;;Non accertato;Inesistente
2667513;5;23/01/2016 18:10;Strada Urbana;VIA DI MARCO SIMONE;da specificare;;;;altezza distributore prossimità civico 90;Veicolo in marcia contro ostacolo accidentale;Rettilineo;Una carreggiata a doppio senso;Bagnato (pioggia);Asfaltata;Assente;Nuvoloso;Scarso;Insufficiente;Insufficiente;0;0;0;2;12,63202;41,9576;-1;1;Autovettura privata;In marcia / fermata / arresto;Passeggero;M;Illeso;0;;Non accertato;Inesistente
2667518;5;24/01/2016 19:50;Strada Urbana;VIA DI PIETRALATA;da specificare;;;;prossimità civico 517/B;Scontro frontale/laterale DX fra veicoli in marcia;Rettilineo;Una carreggiata a doppio senso;Asciutto;Asfaltata;Orizzontale;Sereno;Scarso;Sufficiente;Sufficiente;1;0;0;2;12,55552;41,91626;-1;1;Ciclomotore;In marcia / fermata / arresto;Conducente;M;Rimandato;0;NON DECEDUTO;Non accertato;
2667518;5;24/01/2016 19:50;Strada Urbana;VIA DI PIETRALATA;da specificare;;;;prossimità civico 517/B;Scontro frontale/laterale DX fra veicoli in marcia;Rettilineo;Una carreggiata a doppio senso;Asciutto;Asfaltata;Orizzontale;Sereno;Scarso;Sufficiente;Sufficiente;1;0;0;2;12,55552;41,91626;-1;2;Autovettura privata;In marcia / fermata / arresto;Passeggero;F;Illeso;0;;Non accertato;Inesploso
2667518;5;24/01/2016 19:50;Strada Urbana;VIA DI PIETRALATA;da specificare;;;;prossimità civico 517/B;Scontro frontale/laterale DX fra veicoli in marcia;Rettilineo;Una carreggiata a doppio senso;Asciutto;Asfaltata;Orizzontale;Sereno;Scarso;Sufficiente;Sufficiente;1;0;0;2;12,55552;41,91626;-1;2;Autovettura privata;In marcia / fermata / arresto;Conducente;F;Illeso;0;;Non accertato;Inesploso
2667525;4;23/01/2016 18:40;Strada Urbana;VIA NOMENTANA;da specificare;;;;pross. fronte civico 887;Scontro frontale/laterale DX fra veicoli in marcia;Rettilineo;Una carreggiata a doppio senso;Bagnato (umidità in atto);Asfaltata;Verticale ed orizzontale;Nuvoloso;Normale;Buona;Sufficiente;0;0;0;3;12,55346;41,94162;-1;1;Autovettura privata;In marcia / fermata / arresto;Conducente;F;Illeso;0;;Non accertato;Inesploso
2667525;4;23/01/2016 18:40;Strada Urbana;VIA NOMENTANA;da specificare;;;;pross. fronte civico 887;Scontro frontale/laterale DX fra veicoli in marcia;Rettilineo;Una carreggiata a doppio senso;Bagnato (umidità in atto);Asfaltata;Verticale ed orizzontale;Nuvoloso;Normale;Buona;Sufficiente;0;0;0;3;12,55346;41,94162;-1;1;Autovettura privata;In marcia / fermata / arresto;Passeggero;M;Illeso;0;;Non accertato;Inesistente
2667525;4;23/01/2016 18:40;Strada Urbana;VIA NOMENTANA;da specificare;;;;pross. fronte civico 887;Scontro frontale/laterale DX fra veicoli in marcia;Rettilineo;Una carreggiata a doppio senso;Bagnato (umidità in atto);Asfaltata;Verticale ed orizzontale;Nuvoloso;Normale;Buona;Sufficiente;0;0;0;3;12,55346;41,94162;-1;2;Autovettura privata;In marcia / fermata / arresto;Conducente;M;Illeso;0;;Non accertato;Inesploso